name,parent,value
Origin,,
MSFT,Origin,98572123
AAPL,Origin,6026075
ET,Origin,5537043
AMZN,Origin,4994555
NVDA,Origin,4742542
TSLA,Origin,4646534
AM,Origin,4475531
SHLX,Origin,4411031
DIS,Origin,4336036
GOOGL,Origin,4224022
TDDXX,Origin,4217544
USAC,Origin,4163041
CRM,Origin,4151019
PYPL,Origin,3600529
NFLX,Origin,3525524
ENLC,Origin,3332528
MMP,Origin,3026544
PBFX,Origin,2834025
AB,Origin,2625004
FB,Origin,2117046
MPLX,Origin,2028516
SPY,Origin,1822510
ENBL,Origin,1730524
PAIDX,Origin,1500002
CAPL,Origin,1447509
PAA,Origin,1302014
NS,Origin,1300008
CRWD,Origin,1280011
NTAP,Origin,1214066
RBLX,Origin,1213510
SPG,Origin,1094514
C,Origin,1086017
NGL,Origin,1065032
GOOG,Origin,1015028
JNJ,Origin,1009536
GNRC,Origin,1000027
PXD,Origin,973008
BRK.B,Origin,963555
EPD,Origin,935520
SRLP,Origin,860511
IWN,Origin,856009
TXN,Origin,853019
NFG,Origin,832021
ACN,Origin,808527
CEQP,Origin,803011
ADBE,Origin,802521
GLP,Origin,778511
SPH,Origin,778511
T,Origin,760538
CVS,Origin,743016
JPM,Origin,740033
COST,Origin,737531
PSXP,Origin,722506
NEE,Origin,693028
LUV,Origin,686017
AXP,Origin,670017
CVX,Origin,667021
DGRO,Origin,654510
GEL,Origin,641018
HD,Origin,623534
FDX,Origin,593014
HON,Origin,578515
EMR,Origin,571011
RTX,Origin,554015
BPMP,Origin,550006
UNH,Origin,546014
SQ,Origin,504017
VIG,Origin,495010
ROK,Origin,482006
DE,Origin,470514
UBER,Origin,467513
V,Origin,461037
MUR,Origin,455506
TIP,Origin,439009
MU,Origin,431008
WES,Origin,428509
GSAH,Origin,425003
BSX,Origin,420022
HSBC,Origin,407502
MS,Origin,394517
BABA,Origin,392526
PBF,Origin,391003
DXC,Origin,390007
VZ,Origin,375523
WORK,Origin,375001
FTTGLX,Origin,375001
SNOXX,Origin,375001
KMPR,Origin,375001
ETRN,Origin,375001
MSM,Origin,375001
USDP,Origin,371011
LMT,Origin,370017
MDT,Origin,368516
MA,Origin,355026
Z,Origin,346014
VSAT,Origin,345010
MRK,Origin,333021
NBLX,Origin,326511
CW,Origin,322009
CB,Origin,303514
DCP,Origin,298006
FMS,Origin,296008
ABT,Origin,292519
GDDY,Origin,290007
STAY,Origin,290005
ORLY,Origin,289010
OSW,Origin,288506
GPN,Origin,287013
AAL,Origin,284518
XOM,Origin,283524
FCX,Origin,280008
LIN,Origin,280008
WMB,Origin,279511
FTNT,Origin,278008
BX,Origin,274522
PGR,Origin,265524
SBUX,Origin,265027
DOV,Origin,263507
TMO,Origin,260515
COIN,Origin,259511
CMCSA,Origin,257026
CDNS,Origin,255508
NVEE,Origin,255506
DG,Origin,253011
FDRR,Origin,250002
KNOP,Origin,250002
PG,Origin,249522
TJX,Origin,248024
AMN,Origin,244513
INTC,Origin,244016
ROKU,Origin,244016
D,Origin,242515
ABBV,Origin,242515
WLTW,Origin,241005
IQV,Origin,239506
MMC,Origin,239009
GSLC,Origin,235508
ORCC,Origin,233004
SGIOY,Origin,231505
AHCO,Origin,231008
WYNN,Origin,228014
ORCL,Origin,220510
TWTR,Origin,220013
CAT,Origin,217518
KO,Origin,216027
ICLR,Origin,215503
ALGN,Origin,215006
OLLI,Origin,215006
UNICY,Origin,215006
GSK,Origin,211515
PFE,Origin,209517
WW,Origin,207502
SCHD,Origin,207502
WPX,Origin,207502
ASXC,Origin,207502
MASI,Origin,207502
NULG,Origin,207502
PLYA,Origin,207502
FSD,Origin,207502
HHC,Origin,207005
MO,Origin,203514
AVGO,Origin,202510
MTCH,Origin,201516
BKNG,Origin,201019
CHL,Origin,199004
ALC,Origin,199004
ITUB,Origin,199004
DASTY,Origin,198505
WMT,Origin,195016
EL,Origin,193018
FIVE,Origin,191003
ADYEY,Origin,191003
UL,Origin,186011
GLOP,Origin,185514
AMD,Origin,185017
JKHY,Origin,183002
DXCM,Origin,183002
THR,Origin,183002
WFC,Origin,176519
GWRE,Origin,175001
GDRX,Origin,175001
ENB,Origin,175001
IAC,Origin,175001
WK,Origin,175001
BVALX,Origin,175001
IGV,Origin,175001
SPYG,Origin,175001
FTSM,Origin,175001
AVLR,Origin,175001
FQAL,Origin,175001
JEPI,Origin,175001
MTSC,Origin,175001
KRNT,Origin,175001
FTEC,Origin,175001
VPU,Origin,172504
NHI,Origin,172007
HUYA,Origin,172007
GMLP,Origin,169512
SPGI,Origin,169015
PEP,Origin,168518
ZM,Origin,164006
SKYY,Origin,162505
DUK,Origin,161511
KKR,Origin,161511
ESI,Origin,161511
SCHW,Origin,160517
ZBRA,Origin,156005
USB,Origin,155508
EXAS,Origin,155011
AZO,Origin,153510
APD,Origin,153013
BAC,Origin,153013
TGT,Origin,153013
LBRDK,Origin,150002
ABC,Origin,150002
TCEHY,Origin,147507
HUM,Origin,145509
MCD,Origin,145509
GM,Origin,140511
CLF,Origin,140003
UPLD,Origin,140003
RIO,Origin,139506
VUZI,Origin,139506
BIDU,Origin,139506
WM,Origin,137508
AMAT,Origin,137508
INTU,Origin,137011
ICE,Origin,137011
BA,Origin,137011
BLK,Origin,136514
OKE,Origin,136514
NSRGY,Origin,136514
IBM,Origin,136017
TMUS,Origin,131516
AAGIY,Origin,131505
LBRDA,Origin,131008
SDY,Origin,130004
OLP,Origin,128513
GS,Origin,128513
ABEV,Origin,123504
SBGSY,Origin,123504
TLRY,Origin,123504
TSM,Origin,123007
BLL,Origin,123007
ACGL,Origin,121506
LRCX,Origin,121506
IR,Origin,121506
USMC,Origin,121506
PM,Origin,121009
SYY,Origin,121009
CHWY,Origin,121009
PTON,Origin,121009
F,Origin,120512
DIA,Origin,120512
SH,Origin,119014
PRGS,Origin,115503
BXMT,Origin,115503
ITW,Origin,115503
GIS,Origin,115006
HLT,Origin,115006
W,Origin,113505
PNC,Origin,113505
ADM,Origin,113505
UPS,Origin,113008
BMY,Origin,113008
LNT,Origin,113008
PPL,Origin,112511
WBA,Origin,112511
GE,Origin,112511
SHW,Origin,112511
IFNNY,Origin,107502
PTC,Origin,107502
KIDS,Origin,107502
FHLC,Origin,107502
LYG,Origin,107502
DHR,Origin,107005
CHTR,Origin,107005
PWR,Origin,107005
BYND,Origin,107005
DRI,Origin,105504
ERIC,Origin,105504
ATVI,Origin,105007
ALXN,Origin,105007
TT,Origin,104510
LOW,Origin,104013
DRE,Origin,99004
KMI,Origin,99004
RDS.B,Origin,99004
FIS,Origin,98511
BKEP,Origin,97503
PH,Origin,97006
CTRL,Origin,97006
CSCO,Origin,96509
DD,Origin,96012
CCI,Origin,96012
PPG,Origin,96012
SNAP,Origin,96012
CG,Origin,91003
FMX,Origin,91003
ABB,Origin,91003
ANIK,Origin,91003
SLB,Origin,89005
CMG,Origin,89005
WCC,Origin,89005
SPOT,Origin,89005
CLX,Origin,89005
ANTM,Origin,88508
QCOM,Origin,88508
AMGN,Origin,88508
SNV,Origin,88508
LW,Origin,88508
PLNT,Origin,88508
NKE,Origin,88011
BDX,Origin,88011
HQY,Origin,88011
ROP,Origin,88011
ETN,Origin,88011
GILD,Origin,88011
SSNC,Origin,88011
SNE,Origin,88011
PSQ,Origin,85512
DBSDY,Origin,83002
LCGFX,Origin,83002
BBH,Origin,83002
SSL,Origin,83002
XLV,Origin,83002
BCS,Origin,83002
JAPAY,Origin,83002
NTOIY,Origin,83002
SCGLY,Origin,83002
FSKAX,Origin,83002
ASGN,Origin,83002
GLD,Origin,82005
ILPT,Origin,81004
NVT,Origin,81004
APPL,Origin,81004
KMTUY,Origin,81004
AEP,Origin,81004
LMND,Origin,81004
FNF,Origin,81004
ALb,Origin,81004
UHG,Origin,81004
AIG,Origin,80507
SO,Origin,80507
UNP,Origin,80507
UAL,Origin,80507
KR,Origin,80010
KMX,Origin,80010
CVET,Origin,80010
PFFV,Origin,75001
VRP,Origin,75001
CXW,Origin,75001
RF$A,Origin,75001
AGCO,Origin,75001
FPEI,Origin,75001
CWB,Origin,75001
TDC,Origin,75001
VONE,Origin,75001
WLTL,Origin,75001
SCHH,Origin,75001
HCSG,Origin,75001
TBBC,Origin,75001
FBALX,Origin,75001
ACSAY,Origin,75001
AHKSY,Origin,75001
GLPEY,Origin,75001
ARCB,Origin,75001
FDIS,Origin,75001
FSP,Origin,75001
OWCIX,Origin,75001
SPCE,Origin,74004
CAG,Origin,73003
TSN,Origin,73003
AI,Origin,73003
VMW,Origin,73003
CSL,Origin,73003
FIKMX,Origin,73003
IVV,Origin,73003
NBIX,Origin,73003
NTDOY,Origin,73003
BTI,Origin,73003
TDOC,Origin,72506
VRSK,Origin,72506
PLXS,Origin,72506
DEO,Origin,72506
RHHBY,Origin,72506
DVN,Origin,72506
BAX,Origin,72506
LUKOY,Origin,72506
SYF,Origin,72506
NOW,Origin,72506
MMLP,Origin,72506
SMLP,Origin,72506
AMRC,Origin,72506
DECK,Origin,72506
ABMD,Origin,72506
RXT,Origin,72506
DOW,Origin,72506
CME,Origin,72009
MET,Origin,72009
AMT,Origin,72009
PHG,Origin,72009
OWLSX,Origin,65002
CNI,Origin,65002
AIQUY,Origin,65002
DUK$A,Origin,65002
FLO,Origin,65002
FDN,Origin,65002
SSB,Origin,65002
BTC-USD,Origin,65002
HRL,Origin,65002
TF,Origin,65002
LGI,Origin,65002
ANZBY,Origin,65002
KMB,Origin,64505
ICUI,Origin,64505
AVY,Origin,64505
ZTS,Origin,64505
PNGAY,Origin,64505
TOL,Origin,64505
CACI,Origin,64505
QQQ,Origin,64505
CARR,Origin,64505
CDNA,Origin,64505
CMLFU,Origin,64505
MDLZ,Origin,64505
IRM,Origin,64505
UBS,Origin,64505
IAU,Origin,64505
FCEL,Origin,64505
PLUG,Origin,64505
BP,Origin,64008
NWN,Origin,64008
CTSH,Origin,64008
REGN,Origin,64008
CCL,Origin,64008
ILMN,Origin,64008
TFC,Origin,64008
BXS,Origin,64008
CYRX,Origin,64008
HMN,Origin,64008
NVS,Origin,64008
FANUF,Origin,64008
NXPI,Origin,64008
DEACU,Origin,60018
COLD,Origin,57505
KTOS,Origin,57015
SCI,Origin,56504
J,Origin,56504
BBVA,Origin,56504
CHGCY,Origin,56504
KUBTY,Origin,56504
MSI,Origin,56504
LPLA,Origin,56504
VTR,Origin,56504
MTBC,Origin,56504
RIVN,Origin,56504
FAS,Origin,56504
ADSK,Origin,56504
CSX,Origin,56504
CDAY,Origin,56504
BMRN,Origin,56504
GLW,Origin,56504
AMTX,Origin,56504
KPLT,Origin,56504
CNC,Origin,56007
USFD,Origin,56007
CL,Origin,56007
CBOE,Origin,56007
PHR,Origin,56007
BIIB,Origin,56007
DLTR,Origin,56007
AON,Origin,56007
ALLY,Origin,56007
EBS,Origin,56007
MKL,Origin,56007
CRY,Origin,56007
DAVA,Origin,56007
RUN,Origin,51009
AZN,Origin,49504
GBTC,Origin,48503
CSGP,Origin,48503
MCRN,Origin,48503
RPM,Origin,48503
KRE,Origin,48503
BBY,Origin,48503
CHKP,Origin,48503
NVR,Origin,48503
SEE,Origin,48503
SGSOY,Origin,48503
TSCO,Origin,48503
VXX,Origin,48503
QDEL,Origin,48503
EPOKY,Origin,48503
IJR,Origin,48503
ZUO,Origin,48503
ATASY,Origin,48503
HNDL,Origin,48503
HAE,Origin,48006
ASML,Origin,48006
ISRG,Origin,48006
SABR,Origin,48006
NDAQ,Origin,48006
VRT,Origin,48006
FISV,Origin,48006
DLR,Origin,48006
LHX,Origin,48006
PLD,Origin,48006
SAP,Origin,48006
REYN,Origin,48006
KHC,Origin,48006
TRNO,Origin,48006
DKNG,Origin,48006
ELAN,Origin,48006
FLIR,Origin,48006
CWEN.A,Origin,48006
VIAV,Origin,48006
CSLT,Origin,48006
ECL,Origin,42007
SCU,Origin,40502
PKG,Origin,40502
NVZMY,Origin,40502
SONVY,Origin,40502
IFF,Origin,40502
LHCG,Origin,40502
TTEK,Origin,40502
RHI,Origin,40502
POL,Origin,40502
MFC,Origin,40502
DPSGY,Origin,40502
AFRM,Origin,40502
EVBG,Origin,40502
ADDYY,Origin,40502
CENT,Origin,40502
NCLH,Origin,40502
IWM,Origin,40502
MPC,Origin,40502
NVCR,Origin,40502
PBA,Origin,40502
NEO,Origin,40502
APHA,Origin,40502
SPDW,Origin,40502
XLF,Origin,40502
XLB,Origin,40502
CS,Origin,40502
GBDC,Origin,40502
IEFA,Origin,40502
SNN,Origin,40502
USO,Origin,40502
DOCU,Origin,40502
R,Origin,40502
VOD,Origin,40502
YEXT,Origin,40502
IJH,Origin,40502
ESGU,Origin,40502
VFC.VI,Origin,40502
CR,Origin,40502
PRSP,Origin,40502
AGESY,Origin,40502
CRZBY,Origin,40502
CMWAY,Origin,40502
IMBBY,Origin,40502
VOPKY,Origin,40502
MDIBY,Origin,40502
TLSNY,Origin,40502
EVVTY,Origin,40502
WIX,Origin,40502
SWK,Origin,40005
BRKS,Origin,40005
CLNE,Origin,40005
BEN,Origin,40005
O,Origin,40005
VIAC,Origin,40005
SBAC,Origin,40005
FLT,Origin,40005
MSCI,Origin,40005
NOC,Origin,40005
SYK,Origin,40005
HCA,Origin,40005
ZBH,Origin,40005
SU,Origin,40005
NTRS,Origin,40005
MMM,Origin,40005
PPBI,Origin,40005
LLY,Origin,40005
DAIUF,Origin,40005
EDIT,Origin,40005
SPLK,Origin,40005
IT,Origin,40005
WY,Origin,40005
BK,Origin,40005
CVNA,Origin,40005
POR,Origin,40005
BXS$A,Origin,40005
NVVE,Origin,40005
BLDP,Origin,40005
PASO,Origin,40005
PAYC,Origin,32501
ENS,Origin,32501
ALFVY,Origin,32501
ATLKY,Origin,32501
FANUY,Origin,32501
HDB,Origin,32501
IBN,Origin,32501
LZAGY,Origin,32501
SYIEY,Origin,32501
SSMXY,Origin,32501
YNDX,Origin,32501
FPE,Origin,32501
AAWW,Origin,32501
VDC,Origin,32501
PSNL,Origin,32501
HP,Origin,32501
AEG,Origin,32501
BIPC,Origin,32501
DASH,Origin,32501
FEDX,Origin,32501
GOOS,Origin,32501
CATM,Origin,32501
VOO,Origin,32501
BEEM,Origin,32501
CIBR,Origin,32501
PHX,Origin,32501
CMLTU,Origin,32501
ESGC,Origin,32501
TPCO,Origin,32501
CSIQ,Origin,32501
FMAT,Origin,32501
LAND,Origin,32501
TM,Origin,32501
PRGTX,Origin,32501
ORLT,Origin,32501
AD,Origin,32501
LAM,Origin,32501
PRWCX,Origin,32501
FVD,Origin,32501
FSTFX,Origin,32501
VCSH,Origin,32501
HGIIX,Origin,32501
BL,Origin,32501
EVGB,Origin,32501
TDDC,Origin,32501
TLND,Origin,32501
ETV,Origin,32501
DAWC,Origin,32501
CFJIX,Origin,32501
BSIIX,Origin,32501
JSOAX,Origin,32501
TSBRX,Origin,32501
NLG,Origin,32501
CSCCX,Origin,32501
TCOM,Origin,32501
DFREX,Origin,32501
PONPX,Origin,32501
ALPMY,Origin,32501
AVVIY,Origin,32501
BHKLY,Origin,32501
BTLCY,Origin,32501
DTCWY,Origin,32501
JBAXY,Origin,32501
MZDAY,Origin,32501
MITEY,Origin,32501
NSANY,Origin,32501
SVNDY,Origin,32501
SMNNY,Origin,32501
SWRAY,Origin,32501
MRWSY,Origin,32501
EFV,Origin,32501
ISD,Origin,32501
TEVA,Origin,32501
VWDRY,Origin,32501
FINX,Origin,32501
LL,Origin,32501
ITOT,Origin,32501
IPWR,Origin,32501
BASFY,Origin,32501
HTHIY,Origin,32501
MLCO,Origin,32501
NWG,Origin,32501
NTTYY,Origin,32501
OMVKY,Origin,32501
IX,Origin,32501
POAHY,Origin,32501
SKFRY,Origin,32501
SSUMY,Origin,32501
TLSYY,Origin,32501
VONOY,Origin,32501
LOGI,Origin,32501
JEMWX,Origin,32501
KPLTW,Origin,32004
RGLD,Origin,32004
CGNX,Origin,32004
VRSN,Origin,32004
MEDP,Origin,32004
VCYT,Origin,32004
FCFS,Origin,32004
COF,Origin,32004
NCLTY,Origin,32004
CSPCY,Origin,32004
MAR,Origin,32004
NLOK,Origin,32004
DISCA,Origin,32004
TAP,Origin,32004
WRK,Origin,32004
VNT,Origin,32004
MAT,Origin,32004
LESL,Origin,32004
CHX,Origin,32004
CDW,Origin,32004
LVS,Origin,32004
CTAS,Origin,32004
FANG,Origin,32004
EW,Origin,32004
FITB,Origin,32004
LYV,Origin,32004
PSX,Origin,32004
FSLR,Origin,32004
HXL,Origin,32004
FRC,Origin,32004
NSP,Origin,32004
GD,Origin,32004
CHDN,Origin,32004
TFX,Origin,32004
HIG,Origin,32004
L,Origin,32004
IART,Origin,32004
RPD,Origin,32004
CHD,Origin,32004
LDOS,Origin,32004
GH,Origin,32004
COP,Origin,32004
UAA,Origin,32004
MELI,Origin,32004
CWK,Origin,32004
VICI,Origin,32004
H,Origin,32004
AKAM,Origin,32004
EA,Origin,32004
APTV,Origin,32004
DNTUY,Origin,32004
MTX,Origin,32004
ROST,Origin,32004
CVI,Origin,32004
SFTBY,Origin,32004
PRAH,Origin,32004
SUPN,Origin,32004
BROS,Origin,32004
SBCF,Origin,32004
LVMUY,Origin,32004
BF.B,Origin,32004
WSTL,Origin,32004
FLR,Origin,32004
DIAL,Origin,32004
MCK,Origin,32004
BE,Origin,32004
BHP,Origin,32004
PS,Origin,32004
PGNY,Origin,32004
VRM,Origin,32004
AQUA,Origin,24003
MAS,Origin,24003
VLO,Origin,24003
WH,Origin,24003
TRV,Origin,24003
WLK,Origin,24003
BURL,Origin,24003
STOR,Origin,24003
STT,Origin,24003
BOOT,Origin,24003
DOMO,Origin,24003
LDNXF,Origin,24003
CNA,Origin,24003
CTXS,Origin,24003
LTD,Origin,24003
TER,Origin,24003
ZNGA,Origin,24003
AZEK,Origin,24003
RLGY,Origin,24003
DFS,Origin,24003
HASI,Origin,24003
ADS,Origin,24003
EQIX,Origin,24003
MOS,Origin,24003
SIVB,Origin,24003
VMC,Origin,24003
STM,Origin,24003
AMP,Origin,24003
KEYS,Origin,24003
PFGC,Origin,24003
WDC,Origin,24003
IVZ,Origin,24003
SJM,Origin,24003
UBSI,Origin,24003
ENPH,Origin,24003
SGEN,Origin,24003
DAL,Origin,24003
ABNB,Origin,24003
OCFC,Origin,24003
TPR,Origin,24003
CZR,Origin,24003
CCC,Origin,24003
COMM,Origin,24003
LITE,Origin,24003
REZI,Origin,24003
HBI,Origin,24003
HOLX,Origin,24003
BR,Origin,24003
VEA,Origin,24003
ATO,Origin,24003
TDY,Origin,24003
XNGSY,Origin,24003
HPQ,Origin,24003
JEF,Origin,24003
ON,Origin,24003
PRU,Origin,24003
PTEN,Origin,24003
EMKR,Origin,24003
NTLA,Origin,24003
PENN,Origin,24003
ADC,Origin,24003
ABCB,Origin,24003
HALO,Origin,24003
EBSB,Origin,24003
POST,Origin,24003
MTB,Origin,24003
BLDr,Origin,24003
FOUR,Origin,24003
AEIS,Origin,24003
DOGE-USD,Origin,24003
MRNA,Origin,24003
SPXC,Origin,24003
PBCT,Origin,24003
GFL,Origin,24003
KAI,Origin,24003
YETI,Origin,24003
ALLE,Origin,24003
SPR,Origin,24003
NGG,Origin,24003
QMCO,Origin,24003
ADA-USD,Origin,24003
TFDXX,Origin,24003
JIH,Origin,20013
OLED,Origin,18004
VSLR,Origin,18004
WCN,Origin,17003
VIASP,Origin,16002
BHC,Origin,16002
BAH,Origin,16002
CTLT,Origin,16002
DPZ,Origin,16002
LKQ,Origin,16002
QSR,Origin,16002
WAB,Origin,16002
VTRS,Origin,16002
CI,Origin,16002
BKR,Origin,16002
FE,Origin,16002
HSIC,Origin,16002
WSO,Origin,16002
KLAC,Origin,16002
ULTA,Origin,16002
HES,Origin,16002
CARG,Origin,16002
CSTL,Origin,16002
CCMP,Origin,16002
SITE,Origin,16002
AIT,Origin,16002
EXPD,Origin,16002
CCEP,Origin,16002
PATK,Origin,16002
ACI,Origin,16002
CCXX,Origin,16002
RSG,Origin,16002
PEAK,Origin,16002
CFG,Origin,16002
FNV,Origin,16002
BKI,Origin,16002
BIAWX,Origin,16002
ALIZY,Origin,16002
ETSY,Origin,16002
LCRX,Origin,16002
MTDR,Origin,16002
SAIC,Origin,16002
INFO,Origin,16002
WSM,Origin,16002
GT,Origin,16002
SVC,Origin,16002
GO,Origin,16002
TEAM,Origin,16002
DIN,Origin,16002
MNST,Origin,16002
EXPE,Origin,16002
LULU,Origin,16002
LYB,Origin,16002
MCHP,Origin,16002
TRU,Origin,16002
WYND,Origin,16002
SKIN,Origin,16002
ARCC,Origin,16002
AFL,Origin,16002
DGX,Origin,16002
MDY,Origin,16002
FTDR,Origin,16002
ARMK,Origin,16002
BFAM,Origin,16002
EFX,Origin,16002
FEYE,Origin,16002
FMC,Origin,16002
PII,Origin,16002
PHM,Origin,16002
SIRI,Origin,16002
WDAY,Origin,16002
CNP,Origin,16002
CMA,Origin,16002
DTE,Origin,16002
FLS,Origin,16002
PSA,Origin,16002
GPRO,Origin,16002
TGNA,Origin,16002
UA,Origin,16002
CTL,Origin,16002
M,Origin,16002
SKY,Origin,16002
IEMG,Origin,16002
MDYG,Origin,16002
FUND,Origin,16002
CGC,Origin,16002
GOLD,Origin,16002
NRG,Origin,16002
SVNLY,Origin,16002
TEX,Origin,16002
ANET,Origin,16002
TDG,Origin,16002
SAM,Origin,16002
MDB,Origin,16002
LEA,Origin,16002
BLUE,Origin,16002
ETR,Origin,16002
TRUP,Origin,16002
CMP,Origin,16002
HSHCY,Origin,16002
HLIO,Origin,16002
ED,Origin,16002
XLNX,Origin,16002
VRTX,Origin,16002
PRIM,Origin,16002
XP,Origin,16002
AGN,Origin,16002
KEY,Origin,16002
EXC,Origin,16002
FLEX,Origin,16002
HRB,Origin,16002
HELE,Origin,16002
HBAN,Origin,16002
IP,Origin,16002
MGM,Origin,16002
RCL,Origin,16002
STAG,Origin,16002
DSGX,Origin,16002
URI,Origin,16002
VNO,Origin,16002
SEA,Origin,16002
QS,Origin,16002
LZ,Origin,16002
CRNC,Origin,16002
RDS.A,Origin,16002
UTX,Origin,16002
TELL,Origin,16002
TROW,Origin,16002
PAGS,Origin,16002
PCRX,Origin,16002
ERJ,Origin,16002
PDBC,Origin,16002
PI,Origin,16002
BALY,Origin,16002
EDU,Origin,16002
CATY,Origin,16002
LYFT,Origin,16002
NVO,Origin,16002
PINS,Origin,16002
ES,Origin,16002
BUD,Origin,16002
WBK,Origin,16002
FSKR,Origin,16002
AlGM,Origin,16002
CHGG,Origin,16002
PYCR,Origin,16002
STZ,Origin,16002
PAVE,Origin,16002
35G.SG,Origin,16002
LGND,Origin,16002
BIF,Origin,16002
RHP,Origin,16002
SRPT,Origin,16002
AOS,Origin,16002
SEDG,Origin,16002
BSIXX,Origin,16002
NULC,Origin,16002
TOT,Origin,16002
XYL,Origin,16002
MGY,Origin,16002
AY,Origin,16002
ORAN,Origin,16002
SONY,Origin,16002
HS,Origin,16002
PAHC,Origin,16002
NSIT,Origin,16002
FCN,Origin,16002
JBI,Origin,16002
HPP,Origin,16002
AMBA,Origin,16002
APLE,Origin,16002
BKU,Origin,16002
EXEL,Origin,16002
FII,Origin,16002
G,Origin,16002
HIW,Origin,16002
PDCE,Origin,16002
PNW,Origin,16002
PCH,Origin,16002
RDUS,Origin,16002
STX,Origin,16002
BWA,Origin,16002
CELC,Origin,16002
CNF,Origin,16002
PROF,Origin,16002
FSEN,Origin,16002
INRE,Origin,16002
BNS,Origin,16002
BUI,Origin,16002
ARNA,Origin,16002
ACB,Origin,16002
CRON,Origin,16002
ETH-USD,Origin,16002
MTSI,Origin,16002
BOH,Origin,16002
BBTBX,Origin,16002
AMKBY,Origin,16002
AAVMY,Origin,16002
PANDY,Origin,16002
TSCDY,Origin,16002
BRKB,Origin,16002
SLVM,Origin,8001
ENV,Origin,8001
RP,Origin,8001
LEE,Origin,8001
LUMN,Origin,8001
CIEN,Origin,8001
NI,Origin,8001
SYNH,Origin,8001
NMIH,Origin,8001
FHN,Origin,8001
ESTC,Origin,8001
FVRR,Origin,8001
RARE,Origin,8001
APCD,Origin,8001
ATRC,Origin,8001
SF,Origin,8001
LINK-USD,Origin,8001
MRVL,Origin,8001
ASMB,Origin,8001
RETA,Origin,8001
SRNE,Origin,8001
WAIR,Origin,8001
MKTX,Origin,8001
AWK,Origin,8001
XEC,Origin,8001
CMS,Origin,8001
CCK,Origin,8001
EMN,Origin,8001
EHC,Origin,8001
FUPBY,Origin,8001
HRC,Origin,8001
LRLCY,Origin,8001
NEM,Origin,8001
NUE,Origin,8001
CTBI,Origin,8001
RBCAA,Origin,8001
CTVA,Origin,8001
AGR,Origin,8001
CREE,Origin,8001
IPG,Origin,8001
MKC,Origin,8001
VFC,Origin,8001
MPW,Origin,8001
BWXT,Origin,8001
ENR,Origin,8001
WTRG,Origin,8001
GLIBA,Origin,8001
LH,Origin,8001
LBDAV,Origin,8001
LSXMK,Origin,8001
SMG,Origin,8001
WTFC,Origin,8001
BOWX,Origin,8001
YTRA,Origin,8001
CHRW,Origin,8001
LB,Origin,8001
MAC,Origin,8001
CTRCF,Origin,8001
QGEN,Origin,8001
MBB,Origin,8001
IGLB,Origin,8001
EMXC,Origin,8001
IBDP,Origin,8001
IBTD,Origin,8001
MDYV,Origin,8001
BGFV,Origin,8001
SDC,Origin,8001
CIM,Origin,8001
FEI,Origin,8001
ADP,Origin,8001
KRR,Origin,8001
ALL,Origin,8001
BAFWX,Origin,8001
IMAX,Origin,8001
OXBR,Origin,8001
OWSMX,Origin,8001
AROC,Origin,8001
CODYY,Origin,8001
TKOMY,Origin,8001
EOG,Origin,8001
WRK.V,Origin,8001
LVMHF,Origin,8001
GRUB,Origin,8001
HUBS,Origin,8001
SHOP,Origin,8001
SLAB,Origin,8001
TWLO,Origin,8001
GME,Origin,8001
ALFY,Origin,8001
AJG,Origin,8001
LARCX,Origin,8001
HTLD,Origin,8001
NSC,Origin,8001
FWONK,Origin,8001
OTIS,Origin,8001
MCO,Origin,8001
NLY,Origin,8001
CENTA,Origin,8001
DRQ,Origin,8001
HOFV,Origin,8001
BCPC,Origin,8001
CCXI,Origin,8001
ITCI,Origin,8001
ALGT,Origin,8001
BXP,Origin,8001
CPRI,Origin,8001
CAH,Origin,8001
CF,Origin,8001
COTY,Origin,8001
GBCI,Origin,8001
HOG,Origin,8001
HST,Origin,8001
ICFI,Origin,8001
IDA,Origin,8001
LNC,Origin,8001
NATI,Origin,8001
NWL,Origin,8001
NWSA,Origin,8001
NWS,Origin,8001
PAYX,Origin,8001
PEB,Origin,8001
PRGO,Origin,8001
PFG,Origin,8001
PEG,Origin,8001
PVH,Origin,8001
STE,Origin,8001
TTWO,Origin,8001
AMTD,Origin,8001
UHS,Origin,8001
VC,Origin,8001
WBS,Origin,8001
WELL,Origin,8001
LEVI,Origin,8001
FLGB,Origin,8001
IEUR,Origin,8001
EFG,Origin,8001
XLE,Origin,8001
FIX,Origin,8001
BDN,Origin,8001
FORD,Origin,8001
CISIX,Origin,8001
CNS,Origin,8001
SHYF,Origin,8001
FCGAX,Origin,8001
FNGZX,Origin,8001
FLCO,Origin,8001
FLCB,Origin,8001
FLQL,Origin,8001
FSSAX,Origin,8001
FVADX,Origin,8001
GCIIX,Origin,8001
GOVT,Origin,8001
OMBIX,Origin,8001
TDADX,Origin,8001
VWO,Origin,8001
APO,Origin,8001
RTN,Origin,8001
TWST,Origin,8001
ACIW,Origin,8001
DCI,Origin,8001
ACST,Origin,8001
CTRM,Origin,8001
RHHBF,Origin,8001
ORMP,Origin,8001
CRSP,Origin,8001
GXO,Origin,8001
GPS,Origin,8001
LCID,Origin,8001
WPC,Origin,8001
ETWO.W,Origin,8001
GFN,Origin,8001
WDFC,Origin,8001
IBTB,Origin,8001
IBTG,Origin,8001
SLYV,Origin,8001
SPYV,Origin,8001
SKVKY,Origin,8001
DESY,Origin,8001
PLT,Origin,8001
POOL,Origin,8001
VVNT,Origin,8001
VGPBF,Origin,8001
IDXX,Origin,8001
TEL,Origin,8001
PRA,Origin,8001
ROG,Origin,8001
CONE,Origin,8001
HZN,Origin,8001
CERN,Origin,8001
VEEV,Origin,8001
ARE,Origin,8001
SEIC,Origin,8001
XEL,Origin,8001
YUM,Origin,8001
APH,Origin,8001
NNN,Origin,8001
SLV,Origin,8001
XHB,Origin,8001
XLI,Origin,8001
FSK,Origin,8001
IS,Origin,8001
AIO,Origin,8001
BERY,Origin,8001
JCI,Origin,8001
OXY,Origin,8001
QTS,Origin,8001
QCHR,Origin,8001
SHAK,Origin,8001
NIO,Origin,8001
KBE,Origin,8001
HTZ,Origin,8001
JAZZ,Origin,8001
QSY,Origin,8001
FMAO,Origin,8001
PDX,Origin,8001
SRE,Origin,8001
TWNK,Origin,8001
EPAY,Origin,8001
VRNT,Origin,8001
MRCK,Origin,8001
DNB,Origin,8001
DUKE,Origin,8001
AVYA,Origin,8001
TRBCX,Origin,8001
YACKX,Origin,8001
VWIGX,Origin,8001
NFFFX,Origin,8001
RPBAX,Origin,8001
OAKGX,Origin,8001
DODWX,Origin,8001
VFF,Origin,8001
EWU,Origin,8001
VMN,Origin,8001
ARKG,Origin,8001
BTEC,Origin,8001
SRLN,Origin,8001
INCY,Origin,8001
GPC,Origin,8001
TRGIX,Origin,8001
KDP,Origin,8001
ENLAY,Origin,8001
VALE,Origin,8001
AAIGF,Origin,8001
HRI,Origin,8001
FOXA,Origin,8001
KSS,Origin,8001
BRK,Origin,8001
ABM,Origin,8001
AZSEY,Origin,8001
AMH,Origin,8001
APC,Origin,8001
AIV,Origin,8001
ARI,Origin,8001
AXGN,Origin,8001
BAYRY,Origin,8001
CDEV,Origin,8001
CCS,Origin,8001
CRL,Origin,8001
PLCE,Origin,8001
CWEN,Origin,8001
CXP,Origin,8001
DBD,Origin,8001
BOOM,Origin,8001
ESNT,Origin,8001
EVOP,Origin,8001
FNB,Origin,8001
FBC,Origin,8001
GBT,Origin,8001
HE,Origin,8001
HL,Origin,8001
XENT,Origin,8001
IONS,Origin,8001
LAUR,Origin,8001
MED,Origin,8001
MGPI,Origin,8001
NOV,Origin,8001
OXM,Origin,8001
PGRE,Origin,8001
PNR,Origin,8001
PDM,Origin,8001
PBYI,Origin,8001
RCII,Origin,8001
REXR,Origin,8001
SITC,Origin,8001
SRC,Origin,8001
TCMD,Origin,8001
TMHC,Origin,8001
TMSNY,Origin,8001
UMPQ,Origin,8001
VCRA,Origin,8001
WAFD,Origin,8001
ZEN,Origin,8001
ZION,Origin,8001
IVE,Origin,8001
VGT,Origin,8001
MALRX,Origin,8001
MADCX,Origin,8001
MAYHX,Origin,8001
MANLX,Origin,8001
BGSIX,Origin,8001
TLT,Origin,8001
IEF,Origin,8001
USMV,Origin,8001
VLUE,Origin,8001
IHI,Origin,8001
PMUPX,Origin,8001
XSOE,Origin,8001
GISYX,Origin,8001
ERH,Origin,8001
BJ,Origin,8001
MFYV,Origin,8001
FIVN,Origin,8001
TYL,Origin,8001
AXTA,Origin,8001
XLM-USD,Origin,8001
CO,Origin,8001
EBAY,Origin,8001
HIPO,Origin,8001
APEN,Origin,8001
BLFSD,Origin,8001
PCPL,Origin,8001
PCPL.U,Origin,8001
DMTK,Origin,8001
FLXN,Origin,8001
NVIGF,Origin,8001
TFFP,Origin,8001
VIOT,Origin,8001
SKX,Origin,8001
AQB,Origin,8001
CHV,Origin,8001
IBTF,Origin,8001
ETP,Origin,8001
OWMBX,Origin,8001
CRTL,Origin,8001
SUP,Origin,8001
BOA,Origin,8001
Broadcom Inc.,Origin,8001
EOS-USD,Origin,8001
ZOOM,Origin,8001
BP PLC,Origin,8001
LPRO,Origin,8001
VUL.V,Origin,8001
VEU,Origin,8001
GSOSX,Origin,8001
BBCBX,Origin,8001
BHPLF,Origin,8001
HYDB,Origin,8001
JNK,Origin,8001
RY.TO,Origin,8001
CHUY,Origin,8001
BNDX,Origin,8001
ALNY,Origin,8001
SNOW,Origin,8001
PARMX,Origin,8001
DWAC,Origin,8001
BCE,Origin,8001
PGX,Origin,8001
MDNDF,Origin,8001
ODFL,Origin,8001
ELUXY,Origin,8001
AHEXY,Origin,8001
BNTGY,Origin,8001
BURBY,Origin,8001
CAJ,Origin,8001
CRRFY,Origin,8001
CCLAY,Origin,8001
COVTY,Origin,8001
DWAHY,Origin,8001
DNKEY,Origin,8001
DNZOY,Origin,8001
DB,Origin,8001
DSDVY,Origin,8001
ENGGY,Origin,8001
GEAGY,Origin,8001
HLUYY,Origin,8001
HVRRY,Origin,8001
HDELY,Origin,8001
HNNMY,Origin,8001
HXGBY,Origin,8001
HMC,Origin,8001
IBDRY,Origin,8001
ING,Origin,8001
IHG,Origin,8001
JSAIY,Origin,8001
JHX,Origin,8001
JAPSY,Origin,8001
PPRUY,Origin,8001
KGFHY,Origin,8001
KNRRY,Origin,8001
LNSTY,Origin,8001
MFGP,Origin,8001
MFG,Origin,8001
NINOY,Origin,8001
NNGRY,Origin,8001
NOK,Origin,8001
NRDBY,Origin,8001
DNNGY,Origin,8001
PDYPY,Origin,8001
PCRFY,Origin,8001
PSO,Origin,8001
PROSY,Origin,8001
PUBGY,Origin,8001
RDEIY,Origin,8001
RNLSY,Origin,8001
REPYY,Origin,8001
RBS,Origin,8001
KKPNY,Origin,8001
RWEOY,Origin,8001
SNY,Origin,8001
SMMNY,Origin,8001
SXYAY,Origin,8001
SZEVY,Origin,8001
SWGAY,Origin,8001
SWDBY,Origin,8001
SWMAY,Origin,8001
TIIAY,Origin,8001
TEF,Origin,8001
TEZNY,Origin,8001
WFAFY,Origin,8001
WCAGY,Origin,8001
TDXX,Origin,8001
IXJ,Origin,8001
IYZ,Origin,8001
SGAPY,Origin,8001
VV,Origin,8001
PK,Origin,8001
PSMMY,Origin,8001
PSTH,Origin,8001
MRIN,Origin,8001
FEPAX,Origin,8001
SPN,Origin,8001
BGNE,Origin,8001
CRARY,Origin,8001
HLPPY,Origin,8001
MITSY,Origin,8001
GWPH,Origin,8001
FIDSX,Origin,8001
ECOL,Origin,8001
AVNT,Origin,8001
NWE,Origin,8001
CSVIX,Origin,8001
DISCK,Origin,8001
JWN,Origin,8001
ABALX,Origin,8001
CE,Origin,8001
VMCXX,Origin,8001
AESE,Origin,8001
JETS,Origin,8001
AFTPY,Origin,8001
TGOPY,Origin,8001
VOLVY,Origin,8001
EVRG,Origin,8001
PWCDF,Origin,8001
DNBBY,Origin,8001
UGI,Origin,8001
XYIGY,Origin,8001
JFAMX,Origin,8001
DUKH,Origin,0
BYD,Origin,0
CBRE,Origin,0
DNKN,Origin,0
NXST,Origin,0
PANW,Origin,0
COO,Origin,0
UNVR,Origin,0
MTN,Origin,0
XPO,Origin,0
PCAR,Origin,0
PAG,Origin,0
SFE,Origin,0
AMED,Origin,0
ANSS,Origin,0
TECH,Origin,0
CHE,Origin,0
DORM,Origin,0
FAST,Origin,0
LOPE,Origin,0
LII,Origin,0
NEOG,Origin,0
PCTY,Origin,0
PEGA,Origin,0
PRLB,Origin,0
RBA,Origin,0
ROL,Origin,0
SYPR,Origin,0
DOX,Origin,0
SON,Origin,0
FXM,Origin,0
WWD,Origin,0
EPAM,Origin,0
DELL,Origin,0
GGT,Origin,0
INTL,Origin,0
CDK,Origin,0
WMC,Origin,0
JOE,Origin,0
CHNG,Origin,0
BIO,Origin,0
OHI,Origin,0
BRK.A,Origin,0
ACHC,Origin,0
ADDDYY,Origin,0
A,Origin,0
AL,Origin,0
ATH,Origin,0
CLGX,Origin,0
GLPI,Origin,0
HUN,Origin,0
IDXXX,Origin,0
PODD,Origin,0
JBL,Origin,0
NYT,Origin,0
OKTA,Origin,0
OMF,Origin,0
RMD,Origin,0
SC,Origin,0
ST,Origin,0
SNPS,Origin,0
ZG,Origin,0
FNRVGX,Origin,0
ADTN,Origin,0
DTEGY,Origin,0
SANM,Origin,0
AVB,Origin,0
BLKB,Origin,0
JLL,Origin,0
OMCL,Origin,0
ORA,Origin,0
RGA,Origin,0
AMJ,Origin,0
HII,Origin,0
NGLS,Origin,0
XRAY,Origin,0
AVTR,Origin,0
ENTG,Origin,0
FND,Origin,0
GPK,Origin,0
HDS,Origin,0
SERV,Origin,0
REGL,Origin,0
BBVLX,Origin,0
BBVSX,Origin,0
VTV,Origin,0
GMED,Origin,0
PFPT,Origin,0
ROLL,Origin,0
WMGI,Origin,0
CSQ,Origin,0
FDL,Origin,0
SGIIX,Origin,0
STLA,Origin,0
CRYX,Origin,0
AXHE,Origin,0
AXTE,Origin,0
SCHZ,Origin,0
BRP,Origin,0
VAR,Origin,0
ESGD,Origin,0
NUGL,Origin,0
TMUSR,Origin,0
UFPI,Origin,0
HWM,Origin,0
WFC$V,Origin,0
WSC,Origin,0
AMZA,Origin,0
BHI,Origin,0
CWH,Origin,0
TNL,Origin,0
WHR,Origin,0
HEI,Origin,0
BAM,Origin,0
OGN,Origin,0
RAD,Origin,0
ALK,Origin,0
MAIN,Origin,0
BATRA,Origin,0
BPHSPX,Origin,0
WEC,Origin,0
ANY,Origin,0
AZTA,Origin,0
AVT,Origin,0
BG,Origin,0
MEOH,Origin,0
AIR,Origin,0
AMG,Origin,0
BHF,Origin,0
EXLS,Origin,0
GLOB,Origin,0
HPE,Origin,0
JBT,Origin,0
KIM,Origin,0
LEN,Origin,0
LAD,Origin,0
SLG,Origin,0
UNM,Origin,0
GWW,Origin,0
OIH,Origin,0
PSDTX,Origin,0
SPHB,Origin,0
IQVA,Origin,0
NUSC,Origin,0
LTHM,Origin,0
INMD,Origin,0
DTM,Origin,0
MSBHY,Origin,0
NICE,Origin,0
VRTU,Origin,0
LSFYX,Origin,0
PIMIX,Origin,0
SPTM,Origin,0
TBCIX,Origin,0
WCMIX,Origin,0
TRGP,Origin,0
CNK,Origin,0
MHK,Origin,0
HZD,Origin,0
FHB,Origin,0
GSS,Origin,0
PEJ,Origin,0
LRNZ,Origin,0
WCLD,Origin,0
KTB,Origin,0
FAFTX,Origin,0
IBTJ,Origin,0
IBTI,Origin,0
IBTH,Origin,0
SPYS,Origin,0
SPTI,Origin,0
LQD,Origin,0
IBDO,Origin,0
XLY,Origin,0
RUSHA,Origin,0
ETFC,Origin,0
PRAA,Origin,0
RCI,Origin,0
SLGN,Origin,0
BH,Origin,0
ESGR,Origin,0
FRFHF,Origin,0
MAA,Origin,0
RQI,Origin,0
PLTR,Origin,0
ADI,Origin,0
CFR,Origin,0
DANOY,Origin,0
EIX,Origin,0
FDS,Origin,0
HAS,Origin,0
YUMC,Origin,0
CINF,Origin,0
EPR,Origin,0
ESS,Origin,0
HTA,Origin,0
LAMR,Origin,0
MGA,Origin,0
XLK,Origin,0
XLC,Origin,0
VSCO,Origin,0
CLNC,Origin,0
ARW,Origin,0
EBJ,Origin,0
AROW,Origin,0
FMCMF,Origin,0
GCP,Origin,0
RF,Origin,0
GRA,Origin,0
GTN,Origin,0
HRTX,Origin,0
MCS,Origin,0
FTA,Origin,0
COHR,Origin,0
TRN,Origin,0
BRX,Origin,0
AMCX,Origin,0
EVH,Origin,0
MUB,Origin,0
IAT,Origin,0
BBBY,Origin,0
BAC$K,Origin,0
BAESY,Origin,0
SMFKY,Origin,0
NUVA,Origin,0
TSS,Origin,0
SFST,Origin,0
AIMC,Origin,0
AA,Origin,0
AHT,Origin,0
WXA.F,Origin,0
HEP,Origin,0
UTG,Origin,0
CMO,Origin,0
XMO,Origin,0
TCBI,Origin,0
WAT,Origin,0
BBGLX,Origin,0
SLYG,Origin,0
VNQ,Origin,0
FTV,Origin,0
ICSH,Origin,0
K,Origin,0
AME,Origin,0
TME,Origin,0
HACK,Origin,0
RAND,Origin,0
RCKY,Origin,0
UTGN,Origin,0
SE,Origin,0
SVCBY,Origin,0
WST,Origin,0
POWI,Origin,0
ACM,Origin,0
MPLN,Origin,0
GCGMF,Origin,0
SEK,Origin,0
KYOCF,Origin,0
MITK,Origin,0
7XY,Origin,0
TNC,Origin,0
UN,Origin,0
VAIAF,Origin,0
VOX,Origin,0
BRKR,Origin,0
RNGR,Origin,0
AMADY,Origin,0
SNA,Origin,0
VTRA,Origin,0
NTR,Origin,0
OMC,Origin,0
SNNUF,Origin,0
FBSI,Origin,0
AWI,Origin,0
GHC,Origin,0
WB2.SG,Origin,0
SWN,Origin,0
GVA,Origin,0
AYI,Origin,0
ADUS,Origin,0
AOBC,Origin,0
ARR,Origin,0
APNHY,Origin,0
AIZ,Origin,0
AGO,Origin,0
BAMXY,Origin,0
BIG,Origin,0
CVGW,Origin,0
CMD,Origin,0
CHH,Origin,0
CMPR,Origin,0
CRUS,Origin,0
CDE,Origin,0
CCOI,Origin,0
CVLT,Origin,0
CTB,Origin,0
COR,Origin,0
COUP,Origin,0
DLB,Origin,0
DWDP,Origin,0
EGBN,Origin,0
EGP,Origin,0
EEFT,Origin,0
FAF,Origin,0
FFIN,Origin,0
FIBK,Origin,0
FOXF,Origin,0
GCI,Origin,0
GCO,Origin,0
GBX,Origin,0
GRFS,Origin,0
GBOOY,Origin,0
HR,Origin,0
HFC,Origin,0
IRTC,Origin,0
JGCCY,Origin,0
KMT,Origin,0
LLL,Origin,0
LANC,Origin,0
MANH,Origin,0
DOOR,Origin,0
MD,Origin,0
MTH,Origin,0
MSTR,Origin,0
MC,Origin,0
MPWR,Origin,0
MONOY,Origin,0
NPSNY,Origin,0
DNOW,Origin,0
NUAN,Origin,0
NTNX,Origin,0
PACW,Origin,0
PKCOY,Origin,0
PEGI,Origin,0
PKI,Origin,0
PUMP,Origin,0
PB,Origin,0
PSB,Origin,0
QRTEA,Origin,0
RL,Origin,0
RDFN,Origin,0
SCHN,Origin,0
SAVE,Origin,0
SPSC,Origin,0
TPX,Origin,0
TS,Origin,0
TXRH,Origin,0
TMK,Origin,0
TRMB,Origin,0
TRIP,Origin,0
TRMK,Origin,0
TWO,Origin,0
USPH,Origin,0
UTHR,Origin,0
UVV,Origin,0
VRNS,Origin,0
WDR,Origin,0
WTS,Origin,0
WB,Origin,0
WING,Origin,0
UDR,Origin,0
FFRHX,Origin,0
FFHRX,Origin,0
BTZ,Origin,0
DSU,Origin,0
EVV,Origin,0
DIV,Origin,0
GSMTX,Origin,0
IDV,Origin,0
RNSIX,Origin,0
VTI,Origin,0
PUTW,Origin,0
ACAD,Origin,0
BAND,Origin,0
INO,Origin,0
SNX,Origin,0
TGTX,Origin,0
MNTA,Origin,0
CMCAS,Origin,0
BBNTX,Origin,0
SCZ,Origin,0
SFY,Origin,0
BGG,Origin,0
AOSL,Origin,0
VIVO,Origin,0
OSUR,Origin,0
RTNB,Origin,0
BIP,Origin,0
BEP,Origin,0
EQUIX,Origin,0
BAT-USD,Origin,0
CELO-USD,Origin,0
ETC-USD,Origin,0
OWSOX,Origin,0
EGHT,Origin,0
BRBR,Origin,0
APPAD,Origin,0
INST,Origin,0
SMJ,Origin,0
ONTO,Origin,0
REG,Origin,0
TRHC,Origin,0
INVH,Origin,0
SDOG,Origin,0
ARKK,Origin,0
QYLD,Origin,0
VAC,Origin,0
FFG,Origin,0
MARA,Origin,0
BDC,Origin,0
AEE,Origin,0
EXI,Origin,0
KYN,Origin,0
HAYN,Origin,0
UNF,Origin,0
MJNA,Origin,0
IWV,Origin,0
BECN,Origin,0
HAL,Origin,0
SPKE,Origin,0
TTD,Origin,0
DMRC,Origin,0
TIF,Origin,0
MZOR,Origin,0
TYG,Origin,0
VAW,Origin,0
IVW,Origin,0
STXAX,Origin,0
GOOC.VI,Origin,0
NULV,Origin,0
BRHYX,Origin,0
IWF,Origin,0
IWR,Origin,0
SPDR,Origin,0
SMHLX,Origin,0
JQC,Origin,0
CFJAX,Origin,0
CELG,Origin,0
WCG,Origin,0
TRREX,Origin,0
FISI,Origin,0
GRNC,Origin,0
HTZWW,Origin,0
SNP,Origin,0
ENGIY,Origin,0
INFR,Origin,0
LEN.B,Origin,0
ARNC,Origin,0
AVNS,Origin,0
LEG,Origin,0
DDD,Origin,0
NBL,Origin,0
DBX,Origin,0
EWBC,Origin,0
MSB,Origin,0
LPT,Origin,0
JPM$G,Origin,0
FDRXX,Origin,0
HNST,Origin,0
EHSTX,Origin,0
NVLIX,Origin,0
IBKR,Origin,0
MORN,Origin,0
DUSA,Origin,0
CIG,Origin,0
EQNR,Origin,0
JGCCF,Origin,0
MJDLF,Origin,0
MLYNF,Origin,0
NCMGF,Origin,0
OGFGF,Origin,0
PDS,Origin,0
VIV,Origin,0
TSCDF,Origin,0
TKC,Origin,0
WOLWF,Origin,0
AUY,Origin,0
MTD,Origin,0
TRP,Origin,0
ACCYY,Origin,0
AER,Origin,0
SAN,Origin,0
CUK,Origin,0
DLAKY,Origin,0
EJPRY,Origin,0
E,Origin,0
FINMY,Origin,0
HSNGY,Origin,0
HLDCY,Origin,0
ICL,Origin,0
IPXHY,Origin,0
ISNPY,Origin,0
ISUZY,Origin,0
KPELY,Origin,0
MUFG,Origin,0
NABZY,Origin,0
NTXFY,Origin,0
PUK,Origin,0
RYCEY,Origin,0
SDXAY,Origin,0
FUJHY,Origin,0
SOMMY,Origin,0
SMFG,Origin,0
SUHJY,Origin,0
SSREY,Origin,0
TRYIY,Origin,0
WJRYY,Origin,0
WOPEY,Origin,0
WPP,Origin,0
MYE,Origin,0
STWD,Origin,0
FBGRX,Origin,0
FCNTX,Origin,0
FTQGX,Origin,0
FLVEX,Origin,0
FBMPX,Origin,0
FSCPX,Origin,0
FSPHX,Origin,0
FCYIX,Origin,0
FSPTX,Origin,0
FBND,Origin,0
DENN,Origin,0
MINI,Origin,0
RXN,Origin,0
HCN,Origin,0
BREW,Origin,0
CWGIX,Origin,0
AIVSX,Origin,0
ANWPX,Origin,0
NEWFX,Origin,0
CBS,Origin,0
MYL,Origin,0
NLSN,Origin,0
VIAB,Origin,0
DCMYY,Origin,0
MNP,Origin,0
BXMDX,Origin,0
VUG,Origin,0
AMCR,Origin,0
MGDDY,Origin,0
TRI,Origin,0
AAN,Origin,0
Origin,,