ticker,
BP," $258,003.00 "
XOM," $1,153,033.00 "
ILPT," $75,001.00 "
PM," $161,014.00 "
BLK," $162,015.00 "
AXP," $65,506.00 "
KPLTW," $16,002.00 "
AMD," $139,009.00 "
AAPL," $20,267,598.00 "
MSFT," $93,439,612.00 "
MS," $688,512.00 "
NEE," $309,018.00 "
SLVM," $17,003.00 "
CG," $83,002.00 "
MO," $196,010.00 "
DUKH," $75,001.00 "
GSK," $40,005.00 "
OLP," $175,001.00 "
PPL," $16,002.00 "
SCU," $40,502.00 "
VIASP, $-   
BHC," $8,001.00 "
BAH," $24,003.00 "
BYD," $8,001.00 "
CTLT," $112,014.00 "
CBRE," $32,004.00 "
CNC," $24,003.00 "
DG," $147,010.00 "
DPZ," $32,004.00 "
DNKN," $83,002.00 "
ENV," $16,002.00 "
AQUA," $150,002.00 "
LKQ," $24,003.00 "
MAS," $24,003.00 "
NXST," $32,004.00 "
OKE," $64,505.00 "
PANW," $16,002.00 "
RP," $32,004.00 "
QSR," $8,001.00 "
SCI," $73,010.00 "
COO," $8,001.00 "
UNVR," $16,002.00 "
USFD," $48,006.00 "
MTN," $8,001.00 "
VLO," $24,003.00 "
WAB," $48,503.00 "
WH," $48,006.00 "
XPO," $16,002.00 "
BRK.B," $1,759,542.00 "
BSX," $106,015.00 "
SPCE," $72,016.00 "
--,#DIV/0!
DD," $96,012.00 "
COLD," $72,506.00 "
ADBE," $303,512.00 "
NVDA," $652,537.00 "
DUK," $207,005.00 "
LEE," $24,003.00 "
VTRS," $255,506.00 "
GM," $113,008.00 "
JIH, $-   
GIS," $32,004.00 "
TMUS," $40,005.00 "
COST," $274,519.00 "
CCI," $56,007.00 "
CVS," $619,514.00 "
HD," $356,030.00 "
KMB," $96,509.00 "
RGLD," $24,003.00 "
V," $1,773,527.00 "
CI," $64,505.00 "
CL," $72,009.00 "
PPG," $64,008.00 "
TRV," $139,009.00 "
FB," $6,932,055.00 "
FMS, $-   
ACGL, $-   
BKNG," $226,016.00 "
CB," $144,515.00 "
HON," $351,021.00 "
PCAR," $97,006.00 "
PAG," $107,502.00 "
ACN," $425,525.00 "
C," $201,019.00 "
NFG," $83,002.00 "
LUMN," $180,505.00 "
BKR," $248,004.00 "
SWK," $263,509.00 "
SFE," $96,012.00 "
GBTC, $-   
AMED," $24,003.00 "
ANSS," $32,501.00 "
TECH," $8,001.00 "
CHE," $16,002.00 "
CGNX," $56,007.00 "
CSGP," $314,010.00 "
DORM," $366,004.00 "
FAST," $40,005.00 "
LOPE," $16,002.00 "
GWRE, $-   
JKHY," $16,002.00 "
LII," $8,001.00 "
NEOG," $16,002.00 "
PAYC," $73,003.00 "
PCTY," $56,007.00 "
PEGA," $8,001.00 "
PRLB," $175,001.00 "
RBA," $56,007.00 "
ROL," $16,002.00 "
TDOC," $254,512.00 "
VRSK," $56,007.00 "
NWN," $107,502.00 "
SYPR," $8,001.00 "
WLK," $24,003.00 "
DOX," $24,003.00 "
BURL," $138,005.00 "
CIEN," $8,001.00 "
D," $226,016.00 "
FE," $24,003.00 "
HAE," $32,004.00 "
HSIC," $40,502.00 "
LOW," $97,006.00 "
STOR," $40,005.00 "
SYY," $188,009.00 "
WSO," $40,502.00 "
ZBRA," $481,507.00 "
ATVI," $242,515.00 "
CAT," $256,005.00 "
GPN," $32,004.00 "
KLAC, $-   
LMT," $128,513.00 "
ULTA," $8,001.00 "
EPD," $191,003.00 "
GDRX, $-   
NKE," $161,511.00 "
GS," $129,010.00 "
HES," $16,002.00 "
NI," $24,003.00 "
PGR," $24,003.00 "
SON," $8,001.00 "
VRSN," $8,001.00 "
CBOE," $16,002.00 "
CARG," $8,001.00 "
MDT," $330,012.00 "
TMO," $209,517.00 "
BRKS, $-   
CSTL, $-   
CHL," $207,005.00 "
CCMP," $16,002.00 "
CTSH," $32,004.00 "
DASTY," $121,009.00 "
DE," $487,013.00 "
DXCM," $48,006.00 "
FXM," $8,001.00 "
ICUI," $16,002.00 "
IFNNY," $372,013.00 "
MEDP," $8,001.00 "
PHR," $8,001.00 "
REGN," $72,009.00 "
CRM," $211,015.00 "
SITE," $72,009.00 "
UPS," $218,512.00 "
VCYT," $32,004.00 "
FTNT," $48,503.00 "
MU," $40,502.00 "
CMCSA," $177,016.00 "
AIT, $-   
PLXS, $-   
NVT, $-   
FCFS, $-   
WWD," $48,006.00 "
EXPD," $97,006.00 "
AVY," $81,004.00 "
ZTS," $105,007.00 "
EPAM," $64,505.00 "
BDX," $469,516.00 "
MCRN, $-   
MUR, $-   
CW, $-   
MRK," $180,512.00 "
KR," $530,012.00 "
GOOGL," $241,024.00 "
CLNE," $56,504.00 "
CCEP," $48,006.00 "
SPG," $64,008.00 "
STT," $88,508.00 "
TSM," $735,023.00 "
ABBV," $196,010.00 "
ALGN," $199,004.00 "
ASML," $105,007.00 "
BIIB," $88,508.00 "
BOOT," $8,001.00 "
COF," $40,005.00 "
KO," $104,510.00 "
EL," $225,519.00 "
FIS," $171,521.00 "
BEN," $64,008.00 "
FCX," $32,004.00 "
HQY," $8,001.00 "
ISRG," $120,512.00 "
LRCX," $40,005.00 "
MTCH," $32,004.00 "
NFLX," $643,523.00 "
NCLTY," $8,001.00 "
OLLI," $48,006.00 "
ORCL," $89,005.00 "
PATK," $16,002.00 "
PYPL," $448,029.00 "
CSPCY," $8,001.00 "
PNGAY," $89,005.00 "
SNAP," $177,016.00 "
SYNH," $24,003.00 "
TSLA," $1,283,050.00 "
VZ," $701,025.00 "
SPGI," $56,007.00 "
ACI," $8,001.00 "
CCL," $80,507.00 "
CCXX, $-   
DELL," $48,006.00 "
GGT," $32,501.00 "
MAR," $81,004.00 "
NMIH," $8,001.00 "
NLOK," $8,001.00 "
RSG," $40,005.00 "
SABR," $16,002.00 "
TOL," $24,003.00 "
ABT," $96,509.00 "
ANTM," $182,006.00 "
KMX," $64,505.00 "
ECL," $222,026.00 "
INTU," $145,509.00 "
MA," $169,015.00 "
QCOM," $115,514.00 "
RTX," $113,008.00 "
RPM," $81,004.00 "
WM," $40,005.00 "
CVX," $841,525.00 "
FHN," $40,005.00 "
PEAK," $32,004.00 "
SLB," $228,014.00 "
DIS," $812,532.00 "
PG," $277,014.00 "
AMZN," $1,508,540.00 "
DOMO," $48,503.00 "
APD," $81,508.00 "
GOOG," $306,523.00 "
AMGN," $80,010.00 "
CFG," $16,002.00 "
CME," $64,008.00 "
INTC," $226,016.00 "
INTL," $8,001.00 "
JNJ," $372,022.00 "
JPM," $897,032.00 "
PKG, $-   
PFE," $225,022.00 "
SBUX," $314,027.00 "
WMT," $560,018.00 "
ESTC," $83,002.00 "
APPL," $64,505.00 "
DEO," $121,009.00 "
NSRGY," $483,522.00 "
RHHBY," $344,513.00 "
AAL," $328,014.00 "
SNV," $16,002.00 "
FVRR," $24,003.00 "
FNV," $24,003.00 "
ILMN," $120,512.00 "
LDNXF," $32,004.00 "
NDAQ," $72,506.00 "
CAPL," $3,407,503.00 "
ET," $2,516,008.00 "
ENLC," $3,080,511.00 "
NGL," $940,007.00 "
PBFX," $3,582,509.00 "
SHLX," $4,750,005.00 "
BKI," $37,009.00 "
HHC," $207,005.00 "
O," $24,003.00 "
CHWY," $113,008.00 "
CNA, $-   
COIN," $228,511.00 "
W," $218,512.00 "
CDK," $32,004.00 "
J," $48,503.00 "
RARE, $-   
CTXS," $24,003.00 "
WMC," $8,001.00 "
BIAWX," $8,001.00 "
IQV," $104,510.00 "
APCD," $16,002.00 "
OWLSX," $156,005.00 "
ALIZY," $16,002.00 "
ATRC," $24,003.00 "
DVN," $16,002.00 "
DISCA," $24,003.00 "
ETSY," $16,002.00 "
EXAS," $56,007.00 "
LCRX," $8,001.00 "
MTDR," $8,001.00 "
SF," $8,001.00 "
KRE," $48,503.00 "
UBER," $113,008.00 "
AM," $6,090,013.00 "
LINK-USD," $8,001.00 "
ENBL," $1,315,008.00 "
GLP," $975,005.00 "
USAC," $1,850,005.00 "
LTD, $-   
MRVL," $40,502.00 "
TAP," $16,002.00 "
SAIC," $32,004.00 "
JOE," $8,001.00 "
TER," $16,002.00 "
ENS, $-   
NVEE," $8,001.00 "
OSW," $183,002.00 "
SGIOY," $8,001.00 "
VSAT," $183,002.00 "
WW," $175,001.00 "
SCHD, $-   
INFO," $193,018.00 "
CMG," $40,502.00 "
T," $306,024.00 "
WBA," $64,505.00 "
VIAC," $1,711,018.00 "
AIG," $40,005.00 "
ZNGA, $-   
SBAC," $83,002.00 "
HUM," $8,001.00 "
TXN," $88,508.00 "
ORLY," $16,002.00 "
MET," $80,010.00 "
ASMB," $8,001.00 "
RETA," $8,001.00 "
SRNE," $8,001.00 "
Z," $222,011.00 "
WSM," $8,001.00 "
WRK," $40,005.00 "
WCC, $-   
WAIR, $-   
VNT," $16,002.00 "
VRT, $-   
GT," $8,001.00 "
AZEK, $-   
SVC, $-   
ROP," $193,515.00 "
RLGY," $24,003.00 "
MAT, $-   
MKTX," $48,006.00 "
LESL, $-   
GO," $16,002.00 "
FLT," $24,003.00 "
FISV," $72,009.00 "
DRE," $16,002.00 "
DLTR," $96,509.00 "
DFS," $64,503.00 "
DLR," $48,006.00 "
CRWD," $381,507.00 "
CHNG," $8,001.00 "
CHX, $-   
CDW," $8,001.00 "
CACI," $32,004.00 "
BIO," $32,004.00 "
AHCO, $-   
KMI," $115,006.00 "
OHI," $207,502.00 "
SO," $1,386,024.00 "
AMAT," $24,003.00 "
TEAM," $32,004.00 "
BAC," $284,518.00 "
BRK.A," $83,002.00 "
DHR," $80,010.00 "
DIN," $24,003.00 "
HASI," $16,002.00 "
ICE," $49,007.00 "
LVS," $40,005.00 "
MNST," $16,002.00 "
PEP," $176,519.00 "
UNP," $129,010.00 "
UNH," $405,527.00 "
ZM," $204,508.00 "
IBM," $136,514.00 "
LHX," $80,507.00 "
PSQ," $97,006.00 "
KTOS," $47,012.00 "
ACHC," $8,001.00 "
ADDDYY," $32,501.00 "
A," $24,003.00 "
AAGIY," $172,007.00 "
AL," $8,001.00 "
ALC," $40,502.00 "
ALFVY," $105,504.00 "
BABA," $1,092,545.00 "
ADS," $24,003.00 "
ABEV," $48,503.00 "
AMT," $56,504.00 "
AWK," $24,003.00 "
AON," $56,007.00 "
ATH," $8,001.00 "
ATLKY," $148,004.00 "
BLL," $56,007.00 "
BBVA," $105,007.00 "
BAX," $32,004.00 "
BBY," $73,003.00 "
BA," $491,023.00 "
AVGO," $91,003.00 "
CDNS," $72,506.00 "
CNI," $199,004.00 "
SCHW," $112,511.00 "
CHTR," $56,007.00 "
CHKP," $180,505.00 "
CHGCY," $123,504.00 "
XEC," $8,001.00 "
CTAS," $16,002.00 "
CMS," $32,004.00 "
CLGX," $8,001.00 "
CCK," $8,001.00 "
DBSDY," $113,505.00 "
FANG," $16,002.00 "
DXC," $24,003.00 "
EMN," $16,002.00 "
ETN," $129,010.00 "
EW," $40,005.00 "
EMR," $48,006.00 "
EHC," $16,002.00 "
EQIX," $40,005.00 "
EXPE," $16,002.00 "
FANUY," $89,005.00 "
FDX," $549,021.00 "
FITB," $16,002.00 "
FMX," $81,004.00 "
FUPBY," $99,004.00 "
GLPI," $8,001.00 "
HDB," $115,503.00 "
HRC," $32,004.00 "
HSBC," $290,007.00 "
HUN," $16,002.00 "
IBN," $105,504.00 "
IDXXX," $8,001.00 "
PODD," $32,501.00 "
ITUB," $97,006.00 "
JBL," $8,001.00 "
KKR," $40,502.00 "
KMTUY," $48,503.00 "
KUBTY," $48,503.00 "
AIQUY," $64,505.00 "
LYV," $48,503.00 "
LZAGY," $56,504.00 "
LRLCY," $97,503.00 "
LUKOY," $81,004.00 "
LULU," $48,006.00 "
LYB," $16,002.00 "
MMC," $40,502.00 "
MCHP," $16,002.00 "
MOS," $40,005.00 "
MSI," $48,503.00 "
MSCI," $169,015.00 "
NTAP," $1,150,058.00 "
NYT," $107,502.00 "
NEM," $56,007.00 "
NOC," $72,506.00 "
NVZMY," $48,503.00 "
NUE," $56,504.00 "
NVR," $8,001.00 "
OKTA," $8,001.00 "
OMF," $8,001.00 "
PH," $24,003.00 "
PSX," $48,006.00 "
PNC," $188,009.00 "
PLD," $48,503.00 "
RMD," $8,001.00 "
RIO," $48,503.00 "
ROK," $32,004.00 "
RDS.B," $121,506.00 "
SC," $8,001.00 "
SAP," $89,005.00 "
SBGSY," $32,501.00 "
SEE," $56,504.00 "
ST," $8,001.00 "
SGSOY," $56,504.00 "
SONVY," $89,005.00 "
SIVB," $8,001.00 "
SYIEY," $73,003.00 "
SYF," $16,002.00 "
SNPS," $24,003.00 "
SSMXY," $81,004.00 "
TGT," $113,008.00 "
TCEHY," $249,006.00 "
TRU," $16,002.00 "
TFC," $161,511.00 "
USB," $235,518.00 "
UNICY," $40,502.00 "
UL," $121,009.00 "
VMC," $16,002.00 "
WMB," $40,502.00 "
WYND," $16,002.00 "
YNDX," $231,505.00 "
ZG," $8,001.00 "
FNRVGX," $32,501.00 "
SKIN, $-   
WYNN," $139,009.00 "
ADTN," $8,001.00 "
ARCC," $16,002.00 "
DTEGY," $8,001.00 "
GE," $266,021.00 "
SANM," $32,501.00 "
WFC," $991,025.00 "
BXS," $1,133,008.00 "
CTBI, $-   
RBCAA," $8,001.00 "
BMY," $247,010.00 "
AEP," $72,506.00 "
CTVA," $32,004.00 "
IR," $32,004.00 "
STM," $32,501.00 "
AFL," $99,004.00 "
AZN," $48,503.00 "
AVB," $48,503.00 "
AGR," $40,502.00 "
BLKB," $32,501.00 "
CREE," $48,503.00 "
FSLR," $81,004.00 "
GILD," $96,509.00 "
HXL," $72,506.00 "
IFF," $223,504.00 "
IPG," $40,502.00 "
JLL," $32,501.00 "
LW," $16,002.00 "
LHCG," $999,008.00 "
LIN," $222,508.00 "
LPLA," $32,501.00 "
MKC," $32,501.00 "
OMCL," $75,001.00 "
ORA," $32,501.00 "
DGX," $99,004.00 "
RGA," $40,502.00 "
SYK," $80,507.00 "
TTEK," $40,502.00 "
TSCO," $48,503.00 "
VFC," $121,506.00 "
ENB," $191,003.00 "
GEL," $525,003.00 "
NS," $1,500,003.00 "
PSXP," $750,001.00 "
AMJ," $16,002.00 "
MDY, $-   
MPW, $-   
HII," $8,001.00 "
NGLS," $32,501.00 "
HCA," $40,005.00 "
BWXT," $8,001.00 "
XRAY," $24,003.00 "
FRC," $16,002.00 "
NSP," $8,001.00 "
ZBH," $32,004.00 "
GD," $32,004.00 "
REYN," $8,001.00 "
SU," $24,003.00 "
PHG," $8,001.00 "
NTRS," $16,002.00 "
FTDR," $8,001.00 "
ALLY," $8,001.00 "
AMP, $-   
ARMK," $16,002.00 "
AZO," $113,505.00 "
AVTR," $8,001.00 "
BFAM," $8,001.00 "
CHDN," $40,005.00 "
CAG," $16,002.00 "
DOV," $16,002.00 "
ENR," $16,002.00 "
ENTG," $72,009.00 "
EFX," $24,003.00 "
WTRG," $8,001.00 "
FEYE," $8,001.00 "
FND," $8,001.00 "
FMC, $-   
GLIBA," $8,001.00 "
GDDY," $470,510.00 "
GPK," $48,006.00 "
HDS," $56,007.00 "
KEYS," $8,001.00 "
LH," $24,003.00 "
LBDAV, $-   
LSXMK," $24,003.00 "
PFGC," $16,002.00 "
PLNT," $97,006.00 "
PII," $16,002.00 "
PHM," $48,006.00 "
RHI," $40,502.00 "
SMG," $8,001.00 "
SERV," $8,001.00 "
SHW," $40,005.00 "
SIRI," $223,005.00 "
SSNC," $72,009.00 "
TFX," $16,002.00 "
TJX," $210,518.00 "
TWTR," $128,513.00 "
WDC," $32,004.00 "
WDAY," $8,001.00 "
MMM," $80,507.00 "
CNP," $16,002.00 "
CMA," $16,002.00 "
DTE," $24,003.00 "
FLS, $-   
HIG," $24,003.00 "
IVZ," $16,002.00 "
L," $24,003.00 "
PSA," $24,003.00 "
SNE," $40,005.00 "
WTFC, $-   
OLED," $36,008.00 "
REGL," $16,002.00 "
FPE, $-   
PFFV, $-   
VRP, $-   
BBVLX," $16,002.00 "
BBVSX," $16,002.00 "
VTV," $8,001.00 "
BOWX," $8,001.00 "
GPRO, $-   
LMND," $24,003.00 "
PTON," $89,005.00 "
SPOT," $123,504.00 "
TGNA," $73,003.00 "
UA," $8,001.00 "
YTRA, $-   
AAWW, $-   
ALXN," $172,007.00 "
CHRW, $-   
CTL," $16,002.00 "
CYRX," $64,008.00 "
F," $169,015.00 "
GMED," $32,004.00 "
HMN," $8,001.00 "
IART," $16,002.00 "
SJM," $73,003.00 "
LB," $48,503.00 "
MAC," $8,001.00 "
M," $16,002.00 "
PPBI," $16,002.00 "
POL," $32,501.00 "
PFPT," $16,002.00 "
RPD, $-   
ROLL," $24,003.00 "
NOW," $56,007.00 "
SKY," $24,003.00 "
KHC," $80,507.00 "
UBSI," $48,006.00 "
WMGI," $24,003.00 "
CSQ," $8,001.00 "
FDL," $105,504.00 "
GSLC," $140,003.00 "
QQQ," $24,003.00 "
USMC," $32,501.00 "
DIA," $64,008.00 "
SPY," $48,503.00 "
SDY," $282,503.00 "
VDC," $270,007.00 "
VIG," $190,504.00 "
VPU," $162,505.00 "
CSCO," $250,019.00 "
SH," $115,521.00 "
RUN," $295,085.00 "
VSLR," $66,514.00 "
CTRCF," $8,001.00 "
CHD," $65,002.00 "
QGEN," $24,003.00 "
MBB," $8,001.00 "
IGLB," $8,001.00 "
IEMG," $8,001.00 "
EMXC," $8,001.00 "
IBDP, $-   
IBTD," $8,001.00 "
MDYG," $24,003.00 "
MDYV," $24,003.00 "
LCGFX, $-   
SGIIX," $75,001.00 "
CLX," $97,006.00 "
FNF," $56,504.00 "
FUND, $-   
STLA," $16,002.00 "
DEACU, $-   
BGFV," $65,002.00 "
PSNL," $40,502.00 "
SDC, $-   
LDOS," $72,506.00 "
TDDXX," $5,992,578.00 "
SQ," $201,019.00 "
CRYX," $8,001.00 "
GH," $48,006.00 "
AXHE," $8,001.00 "
AXTE," $8,001.00 "
NVS," $112,511.00 "
TRNO," $72,506.00 "
BBH," $8,001.00 "
CXW," $75,001.00 "
STAY," $8,001.00 "
BX," $154,007.00 "
CGC," $8,001.00 "
COP," $56,007.00 "
CIM, $-   
FEI, $-   
UAL," $24,003.00 "
ADP," $16,002.00 "
KRR, $-   
ALL," $65,002.00 "
BAFWX," $32,004.00 "
HP," $48,503.00 "
IMAX, $-   
VTR," $32,004.00 "
AEG," $8,001.00 "
ADM, $-   
DUK$A, $-   
FLO, $-   
MFC," $8,001.00 "
OXBR, $-   
PAA," $1,125,002.00 "
SCHZ," $75,001.00 "
TSN," $8,001.00 "
MMP, $-   
BRP," $6,000,001.00 "
VAR," $24,003.00 "
GOLD," $16,002.00 "
GNRC," $686,017.00 "
NRG, $-   
ESGD," $8,001.00 "
NUGL," $8,001.00 "
OWSMX," $107,502.00 "
LLY," $1,516,005.00 "
RF$A, $-   
AROC," $32,501.00 "
BKEP," $158,003.00 "
CEQP," $350,002.00 "
DCP," $250,002.00 "
GLOP," $175,001.00 "
GMLP," $150,002.00 "
MMLP," $32,501.00 "
MPLX," $2,050,004.00 "
NBLX," $350,002.00 "
SPH," $925,003.00 "
SMLP," $32,501.00 "
WES," $383,002.00 "
FIVE," $40,005.00 "
IAC, $-   
TMUSR," $2,002.00 "
BIPC," $2,002.00 "
DKNG," $85,022.00 "
CODYY, $-   
DPSGY, $-   
SVNLY, $-   
ABB," $48,006.00 "
TKOMY, $-   
AFRM," $16,002.00 "
ENPH," $8,001.00 "
SGEN," $16,002.00 "
TEX, $-   
UFPI," $16,002.00 "
EOG," $24,003.00 "
WRK.V, $-   
CARR," $64,008.00 "
ANET," $8,001.00 "
HWM," $8,001.00 "
TDG," $131,505.00 "
UAA," $16,002.00 "
DAIUF," $88,508.00 "
DAL," $40,005.00 "
EDIT," $40,005.00 "
FANUF," $32,004.00 "
LVMHF," $64,505.00 "
SPLK," $96,509.00 "
WFC$V," $40,502.00 "
ABNB," $8,001.00 "
SAM," $8,001.00 "
DRI," $8,001.00 "
EBS," $32,004.00 "
GRUB," $8,001.00 "
HUBS," $72,009.00 "
MELI," $64,505.00 "
MDB," $8,001.00 "
OCFC, $-   
SHOP," $16,002.00 "
SLAB," $8,001.00 "
TPR," $390,504.00 "
TWLO," $8,001.00 "
WSC," $32,004.00 "
GME, $-   
VXX," $32,501.00 "
AMZA," $550,002.00 "
USDP," $457,504.00 "
AGCO," $16,002.00 "
ALFY, $-   
AMRC," $105,007.00 "
AJG," $8,001.00 "
BHI," $8,001.00 "
CZR, $-   
CWH," $8,001.00 "
CCC, $-   
COMM," $16,002.00 "
CWK, $-   
ELAN," $24,003.00 "
LEA," $8,001.00 "
LITE," $8,001.00 "
REZI, $-   
TNL," $8,001.00 "
VICI, $-   
WHR," $40,502.00 "
IT," $64,505.00 "
HEI," $8,001.00 "
BAM," $32,501.00 "
WY," $8,001.00 "
HBI, $-   
LARCX, $-   
AI, $-   
CDNA," $56,504.00 "
CMLFU, $-   
DASH," $72,506.00 "
EVBG," $8,001.00 "
HOLX," $56,504.00 "
QDEL," $129,010.00 "
MTBC, $-   
ICLR, $-   
PRGS," $16,002.00 "
PTC, $-   
VUZI," $75,001.00 "
FEDX, $-   
OGN," $16,002.00 "
BLUE," $16,002.00 "
BR," $8,001.00 "
ETR," $8,001.00 "
FLIR," $56,007.00 "
RAD," $8,001.00 "
WORK," $391,003.00 "
TRUP," $1,566,008.00 "
MKL," $48,006.00 "
FPEI, $-   
VEA," $16,002.00 "
RBLX," $97,006.00 "
H," $8,001.00 "
VMW," $8,001.00 "
ALK," $431,505.00 "
LUV," $633,019.00 "
DECK," $32,004.00 "
CMP," $32,004.00 "
HSHCY, $-   
HTLD," $8,001.00 "
HLIO," $8,001.00 "
NSC," $32,004.00 "
MAIN," $32,501.00 "
FTTGLX, $-   
BATRA," $8,001.00 "
FWONK, $-   
SRLP," $757,504.00 "
AKAM," $48,503.00 "
ATO," $16,002.00 "
ED," $24,003.00 "
EA," $16,002.00 "
MDLZ," $40,005.00 "
OTIS," $80,507.00 "
XLNX," $8,001.00 "
FDN," $107,502.00 "
CLF," $32,501.00 "
ADDYY," $56,504.00 "
BPHSPX," $32,501.00 "
MCO," $24,003.00 "
VRTX," $24,003.00 "
WEC," $32,004.00 "
APTV, $-   
NLY, $-   
TDY," $16,002.00 "
ABMD," $24,003.00 "
BIDU," $439,506.00 "
CENT," $40,005.00 "
CENTA," $16,002.00 "
CRY," $8,001.00 "
DNTUY," $131,505.00 "
DRQ," $24,003.00 "
PRIM," $16,002.00 "
SSL," $24,003.00 "
HOFV, $-   
ROKU," $252,514.00 "
ANY," $32,501.00 "
RIVN," $8,001.00 "
FAS," $138,005.00 "
AZTA," $16,002.00 "
BCPC," $16,002.00 "
CCXI, $-   
XNGSY, $-   
ITCI, $-   
MTX, $-   
XP, $-   
CSL," $48,503.00 "
AGN," $40,005.00 "
AVT," $8,001.00 "
BG," $8,001.00 "
HPQ," $24,003.00 "
KEY," $32,004.00 "
MEOH," $8,001.00 "
SNOXX," $148,004.00 "
AIR," $8,001.00 "
AMG," $16,002.00 "
ALGT," $24,003.00 "
BXP," $24,003.00 "
BHF," $8,001.00 "
GOOS," $56,504.00 "
CPRI, $-   
CAH, $-   
CF," $24,003.00 "
COTY," $8,001.00 "
EXC," $32,501.00 "
EXLS," $191,003.00 "
FLEX," $24,003.00 "
GBCI, $-   
GLOB," $16,002.00 "
HRB," $16,002.00 "
HOG," $8,001.00 "
HELE," $24,003.00 "
HPE," $8,001.00 "
HST," $40,005.00 "
HBAN," $8,001.00 "
ICFI," $8,001.00 "
IDA, $-   
IP," $40,502.00 "
IRM," $64,008.00 "
JEF," $8,001.00 "
JBT," $16,002.00 "
KIM," $8,001.00 "
LEN," $733,004.00 "
LNC," $8,001.00 "
LAD," $32,004.00 "
MGM," $32,501.00 "
NHI," $75,001.00 "
NATI," $8,001.00 "
NWL," $32,004.00 "
NWSA," $8,001.00 "
NWS," $8,001.00 "
NCLH," $8,001.00 "
ON," $8,001.00 "
PAYX," $48,503.00 "
PEB," $32,004.00 "
PRGO, $-   
PFG," $8,001.00 "
PRU," $56,007.00 "
PEG," $8,001.00 "
PVH, $-   
PWR, $-   
RCL," $8,001.00 "
SLG," $8,001.00 "
STAG, $-   
STE," $8,001.00 "
TTWO, $-   
AMTD," $24,003.00 "
BK," $131,505.00 "
DSGX, $-   
URI," $16,002.00 "
UHS, $-   
UNM," $8,001.00 "
VC, $-   
VNO," $32,004.00 "
GWW," $8,001.00 "
WBS," $32,004.00 "
WELL," $8,001.00 "
LEVI," $8,001.00 "
WPX, $-   
UBS," $697,509.00 "
OIH," $8,001.00 "
DGRO, $-   
CWB," $182,503.00 "
XLV," $8,001.00 "
PSDTX," $75,001.00 "
FLGB, $-   
SPHB," $8,001.00 "
IEUR, $-   
EFG," $16,002.00 "
XLE," $32,501.00 "
AB, $-   
SEA," $16,002.00 "
FIX, $-   
ROST," $32,004.00 "
IQVA," $8,001.00 "
NUSC," $8,001.00 "
IWM," $24,003.00 "
MPC," $24,003.00 "
CVI," $32,501.00 "
CATM," $191,003.00 "
ESI, $-   
LTHM," $75,001.00 "
THR," $75,001.00 "
WK, $-   
BDN," $16,002.00 "
FORD, $-   
NVCR," $8,001.00 "
CISIX, $-   
TT," $40,005.00 "
QS," $8,001.00 "
LZ," $8,001.00 "
INMD," $16,002.00 "
BXMT," $91,003.00 "
PBA, $-   
ALb," $16,002.00 "
SFTBY," $16,002.00 "
DTM," $8,001.00 "
SSB," $107,502.00 "
MSBHY," $65,002.00 "
LNT, $-   
CRNC," $16,002.00 "
CNS," $8,001.00 "
DAVA," $24,003.00 "
ERIC," $8,001.00 "
NICE," $24,003.00 "
PRAH," $8,001.00 "
SUPN, $-   
SHYF, $-   
VRTU," $32,004.00 "
PTEN," $8,001.00 "
FCGAX, $-   
FNGZX, $-   
FLCO, $-   
FLCB, $-   
FLQL, $-   
FSSAX, $-   
FVADX, $-   
GCIIX, $-   
GOVT, $-   
OMBIX, $-   
LSFYX," $8,001.00 "
PIMIX," $97,503.00 "
SPTM," $8,001.00 "
TBCIX," $8,001.00 "
TDADX, $-   
VWO, $-   
VOO," $8,001.00 "
WCMIX," $16,002.00 "
IWN," $1,173,505.00 "
APO, $-   
NEO," $8,001.00 "
RTN," $8,001.00 "
RDS.A," $91,003.00 "
TWST, $-   
UTX," $56,504.00 "
ACIW," $8,001.00 "
TRGP," $123,504.00 "
RXT," $48,503.00 "
CNK," $16,002.00 "
DCI," $56,504.00 "
MHK," $8,001.00 "
BPMP," $375,001.00 "
EMKR, $-   
ACST, $-   
CTRM, $-   
ADSK," $64,505.00 "
HZD," $8,001.00 "
IAU," $56,007.00 "
NTLA," $72,506.00 "
RHHBF," $16,002.00 "
BEEM," $32,501.00 "
TLRY," $65,002.00 "
FHB," $16,002.00 "
ITW," $40,005.00 "
PXD," $16,002.00 "
CSX, $-   
GSS," $8,001.00 "
ORMP," $16,002.00 "
BROS," $8,001.00 "
UHG, $-   
CRSP," $75,001.00 "
CIBR," $32,501.00 "
PEJ," $32,501.00 "
LRNZ," $65,002.00 "
WCLD," $75,001.00 "
GXO, $-   
GPS, $-   
TELL, $-   
LCID, $-   
HUYA," $371,508.00 "
BVALX, $-   
WPC," $24,003.00 "
KTB," $16,002.00 "
TROW," $8,001.00 "
DOW," $64,505.00 "
GLD," $56,504.00 "
ASXC, $-   
MASI, $-   
PHX, $-   
BTC-USD, $-   
PAGS," $8,001.00 "
PENN," $8,001.00 "
FAFTX, $-   
CMLTU, $-   
ETWO.W, $-   
GFN," $199,004.00 "
PCRX, $-   
TDC," $8,001.00 "
ADC, $-   
WDFC," $24,003.00 "
APHA, $-   
ESGC," $8,001.00 "
ERJ, $-   
IBTB," $8,001.00 "
IBTJ," $8,001.00 "
IBTI," $8,001.00 "
IBTH," $8,001.00 "
IBTG," $8,001.00 "
SPDW, $-   
SLYV, $-   
SPYS," $8,001.00 "
SPYV," $16,002.00 "
SPTI," $8,001.00 "
PDBC, $-   
LQD," $8,001.00 "
IBDO," $8,001.00 "
XLY," $8,001.00 "
XLF," $8,001.00 "
TPCO," $32,501.00 "
KMPR," $73,003.00 "
RUSHA," $107,502.00 "
SKVKY," $32,501.00 "
PI," $40,502.00 "
CWEN.A," $250,002.00 "
BALY, $-   
DESY, $-   
PLT, $-   
POOL," $8,001.00 "
VVNT, $-   
VGPBF, $-   
ABCB," $8,001.00 "
CDAY, $-   
ETFC, $-   
HALO, $-   
IDXX," $24,003.00 "
EDU," $8,001.00 "
PRAA," $16,002.00 "
RCI," $8,001.00 "
SBCF," $8,001.00 "
SLGN," $40,005.00 "
TEL," $32,004.00 "
VIAV, $-   
BMRN," $16,002.00 "
CVNA," $8,001.00 "
CATY," $16,002.00 "
CVET," $16,002.00 "
LYFT," $16,002.00 "
EBSB," $16,002.00 "
PRA," $16,002.00 "
ROG," $24,003.00 "
LVMUY," $16,002.00 "
CONE," $16,002.00 "
HZN, $-   
BH," $16,002.00 "
BF.B, $-   
CERN," $153,013.00 "
ESGR," $24,003.00 "
FRFHF," $16,002.00 "
LBRDA," $8,001.00 "
POST," $48,503.00 "
MAA," $16,002.00 "
RQI," $16,002.00 "
AMN, $-   
VEEV," $549,006.00 "
PLTR, $-   
ARE," $8,001.00 "
ADI," $83,002.00 "
CFR," $3,008,005.00 "
DANOY," $16,002.00 "
EIX," $8,001.00 "
FDS," $8,001.00 "
FDRR," $8,001.00 "
HAS," $16,002.00 "
IGV, $-   
MTB," $56,504.00 "
MCD," $536,512.00 "
NVO," $16,002.00 "
NULG, $-   
SEIC," $16,002.00 "
SPYG," $16,002.00 "
XEL," $24,003.00 "
YUMC," $24,003.00 "
YUM," $16,002.00 "
CSIQ, $-   
PINS," $32,004.00 "
ADYEY," $16,002.00 "
APH," $16,002.00 "
CINF," $8,001.00 "
EPR," $8,001.00 "
ESS," $8,001.00 "
ES," $16,002.00 "
HTA," $8,001.00 "
LAMR," $8,001.00 "
MGA," $8,001.00 "
NNN," $8,001.00 "
SLV," $24,003.00 "
XHB, $-   
XLB, $-   
XLI," $8,001.00 "
XLK," $16,002.00 "
XLC," $8,001.00 "
PBF," $8,001.00 "
KNOP," $375,001.00 "
BLDr," $16,002.00 "
FOUR, $-   
VSCO," $8,001.00 "
BUD," $40,502.00 "
CS, $-   
NXPI," $8,001.00 "
WBK," $32,501.00 "
CLNC," $175,001.00 "
FSK," $350,002.00 "
IS, $-   
AIO, $-   
FSKR, $-   
ARW," $8,001.00 "
HRL," $40,502.00 "
EBJ," $8,001.00 "
POR," $8,001.00 "
AEIS, $-   
AlGM, $-   
BERY," $24,003.00 "
CHGG, $-   
DOGE-USD," $8,001.00 "
AROW," $8,001.00 "
FMCMF," $8,001.00 "
GCP," $8,001.00 "
JCI," $48,503.00 "
OXY," $32,004.00 "
RF," $24,003.00 "
GRA," $8,001.00 "
MRNA," $113,008.00 "
PYCR, $-   
QTS," $32,004.00 "
SPXC," $40,502.00 "
STZ," $80,507.00 "
GTN," $8,001.00 "
HRTX," $8,001.00 "
MCS," $8,001.00 "
QCHR, $-   
SHAK," $16,002.00 "
HLT," $8,001.00 "
NIO," $107,502.00 "
FTA," $32,501.00 "
COHR," $8,001.00 "
FIKMX," $32,501.00 "
PAVE, $-   
GBDC, $-   
IEFA," $32,501.00 "
IVV," $32,501.00 "
KBE, $-   
VONE, $-   
WSTL, $-   
FLR," $8,001.00 "
HTZ, $-   
BXS$A," $425,003.00 "
PAIDX, $-   
WLTL, $-   
SNN, $-   
35G.SG, $-   
TRN," $81,004.00 "
WLTW, $-   
BRX," $107,502.00 "
AMCX," $24,003.00 "
LGND," $16,002.00 "
EVH," $75,001.00 "
DIAL, $-   
FMAT, $-   
TIP, $-   
MUB," $75,001.00 "
JAZZ, $-   
PBCT," $48,503.00 "
BYND," $64,505.00 "
IAT," $8,001.00 "
BIF," $8,001.00 "
SCHH, $-   
RHP," $8,001.00 "
SRPT," $16,002.00 "
BBBY," $8,001.00 "
FTSM, $-   
QSY, $-   
FMAO, $-   
PDX, $-   
SRE," $49,504.00 "
TWNK, $-   
EPAY, $-   
VRNT, $-   
MRCK, $-   
USO," $40,502.00 "
BAC$K," $48,503.00 "
DNB," $16,002.00 "
GFL, $-   
BAESY," $16,002.00 "
SMFKY," $8,001.00 "
LAND," $32,501.00 "
AOS," $24,003.00 "
MCK," $24,003.00 "
NUVA," $8,001.00 "
DUKE, $-   
TM," $16,002.00 "
SEDG," $16,002.00 "
TSS," $32,501.00 "
AVYA," $16,002.00 "
WCN, $-   
SFST," $8,001.00 "
TRBCX, $-   
YACKX, $-   
VWIGX, $-   
NFFFX, $-   
PRGTX, $-   
RPBAX, $-   
OAKGX, $-   
DODWX, $-   
AIMC," $16,002.00 "
ORLT, $-   
DOCU," $48,503.00 "
VFF, $-   
AA," $65,002.00 "
AHT," $8,001.00 "
WXA.F," $8,001.00 "
HEP," $32,501.00 "
UTG," $207,502.00 "
CMO," $8,001.00 "
XMO," $32,501.00 "
TCBI," $32,501.00 "
AD, $-   
LAM, $-   
TF, $-   
WAT," $8,001.00 "
BBGLX," $8,001.00 "
EWU, $-   
SLYG," $8,001.00 "
VNQ," $8,001.00 "
VMN, $-   
FTV," $40,005.00 "
ARKG," $8,001.00 "
BTEC, $-   
SRLN," $8,001.00 "
ICSH," $8,001.00 "
INCY," $8,001.00 "
K," $89,005.00 "
NBIX," $8,001.00 "
GPC," $115,006.00 "
AME," $8,001.00 "
TME," $8,001.00 "
FCEL," $105,007.00 "
PLUG," $89,005.00 "
ETRN, $-   
HACK," $8,001.00 "
RAND," $48,006.00 "
RCKY," $350,002.00 "
UTGN," $8,001.00 "
NVVE," $24,003.00 "
R," $138,005.00 "
SE," $24,003.00 "
TRGIX," $8,001.00 "
BSIXX, $-   
NULC," $8,001.00 "
AVLR, $-   
SVCBY," $8,001.00 "
WST," $83,002.00 "
KDP," $16,002.00 "
TOT," $40,502.00 "
ENLAY, $-   
VALE," $8,001.00 "
AAIGF, $-   
KAI," $8,001.00 "
POWI," $24,003.00 "
BE," $40,005.00 "
ACM," $8,001.00 "
HRI," $16,002.00 "
MPLN," $8,001.00 "
XYL," $24,003.00 "
GCGMF," $8,001.00 "
SEK," $8,001.00 "
KYOCF," $8,001.00 "
MITK," $8,001.00 "
7XY," $32,501.00 "
TNC," $8,001.00 "
UN," $32,501.00 "
VAIAF," $32,501.00 "
BHP," $16,002.00 "
MGY, $-   
VOX," $8,001.00 "
BRKR," $16,002.00 "
RNGR, $-   
PRWCX, $-   
AMADY," $223,504.00 "
EPOKY," $40,502.00 "
KIDS, $-   
GSAH, $-   
PLYA," $75,001.00 "
SNA," $175,001.00 "
AY," $8,001.00 "
ORAN," $48,503.00 "
SONY," $8,001.00 "
VTRA," $8,000.00 "
GLW," $16,002.00 "
FOXA," $8,001.00 "
KSS," $16,002.00 "
NTR," $8,001.00 "
OMC," $56,504.00 "
SNNUF," $8,001.00 "
FBSI," $32,501.00 "
AMTX," $107,502.00 "
LBRDK," $8,001.00 "
LGI, $-   
HS, $-   
PAHC, $-   
NSIT, $-   
FCN, $-   
AWI," $24,003.00 "
GHC," $16,002.00 "
WB2.SG," $65,002.00 "
ABC, $-   
VOD, $-   
YETI," $24,003.00 "
BRK, $-   
FVD, $-   
SWN," $8,001.00 "
BLDP," $8,001.00 "
GVA," $8,001.00 "
JBI, $-   
HPP, $-   
ABM," $16,002.00 "
AYI," $191,003.00 "
ADUS," $8,001.00 "
ALLE," $8,001.00 "
AZSEY," $40,502.00 "
AMBA," $8,001.00 "
AMH," $8,001.00 "
AOBC," $8,001.00 "
APC," $8,001.00 "
AIV," $8,001.00 "
ARI," $8,001.00 "
APLE," $8,001.00 "
ARR," $8,001.00 "
APNHY," $8,001.00 "
AIZ," $8,001.00 "
AGO," $8,001.00 "
AXGN," $8,001.00 "
BKU," $8,001.00 "
BAYRY," $83,002.00 "
BAMXY," $8,001.00 "
BIG," $8,001.00 "
CVGW," $8,001.00 "
CMD," $40,005.00 "
CDEV," $8,001.00 "
CCS," $8,001.00 "
CRL," $8,001.00 "
PLCE," $8,001.00 "
CHH," $8,001.00 "
CMPR," $8,001.00 "
CRUS," $16,002.00 "
CWEN," $8,001.00 "
CDE," $8,001.00 "
CCOI," $8,001.00 "
CXP," $8,001.00 "
CVLT," $8,001.00 "
CTB," $8,001.00 "
COR," $8,001.00 "
COUP," $8,001.00 "
DBD," $8,001.00 "
BOOM," $8,001.00 "
DLB," $8,001.00 "
DWDP," $16,002.00 "
EGBN," $8,001.00 "
EGP," $8,001.00 "
ESNT," $8,001.00 "
EEFT," $16,002.00 "
EVOP," $8,001.00 "
EXEL," $16,002.00 "
FNB," $8,001.00 "
FII," $16,002.00 "
FAF," $16,002.00 "
FFIN," $8,001.00 "
FIBK," $8,001.00 "
FBC," $8,001.00 "
FOXF," $8,001.00 "
GCI, $-   
GCO," $8,001.00 "
G," $8,001.00 "
GBT," $8,001.00 "
GBX," $8,001.00 "
GRFS," $8,001.00 "
GBOOY," $24,003.00 "
HE," $16,002.00 "
HR," $8,001.00 "
HCSG," $8,001.00 "
HL," $8,001.00 "
HIW," $8,001.00 "
HFC," $8,001.00 "
XENT, $-   
IONS," $8,001.00 "
IRTC," $8,001.00 "
JGCCY," $16,002.00 "
KMT," $16,002.00 "
LLL," $8,001.00 "
LANC," $8,001.00 "
LAUR," $8,001.00 "
MANH," $8,001.00 "
DOOR," $8,001.00 "
MED," $8,001.00 "
MD," $75,001.00 "
MTH," $16,002.00 "
MGPI, $-   
MSTR," $8,001.00 "
MC," $8,001.00 "
MPWR," $8,001.00 "
MONOY," $24,003.00 "
NPSNY," $16,002.00 "
NOV," $8,001.00 "
DNOW," $8,001.00 "
NUAN," $16,002.00 "
NTNX," $8,001.00 "
OXM," $8,001.00 "
PACW," $8,001.00 "
PGRE," $16,002.00 "
PKCOY," $16,002.00 "
PEGI," $8,001.00 "
PDCE," $8,001.00 "
PNR," $8,001.00 "
PKI," $16,002.00 "
PDM," $8,001.00 "
PNW," $8,001.00 "
PS," $32,004.00 "
PCH," $8,001.00 "
PUMP," $16,002.00 "
PB," $8,001.00 "
PSB," $8,001.00 "
PBYI," $8,001.00 "
QRTEA," $8,001.00 "
RDUS," $8,001.00 "
RL," $16,002.00 "
RDFN," $8,001.00 "
RCII," $8,001.00 "
REXR," $8,001.00 "
SCHN," $8,001.00 "
STX," $8,001.00 "
SITC," $8,001.00 "
SPR," $8,001.00 "
SAVE," $16,002.00 "
SRC," $8,001.00 "
SPSC," $24,003.00 "
TCMD, $-   
TMHC," $8,001.00 "
TMSNY," $8,001.00 "
TPX," $8,001.00 "
TS," $40,502.00 "
TXRH," $16,002.00 "
TMK," $8,001.00 "
TRMB," $8,001.00 "
TRIP," $16,002.00 "
TRMK," $8,001.00 "
TWO," $8,001.00 "
USPH," $8,001.00 "
UMPQ," $24,003.00 "
UTHR," $8,001.00 "
UVV," $8,001.00 "
VRNS," $8,001.00 "
VCRA," $8,001.00 "
WDR," $8,001.00 "
WAFD," $8,001.00 "
WTS," $8,001.00 "
WB," $24,003.00 "
WING," $8,001.00 "
YEXT," $8,001.00 "
ZEN," $8,001.00 "
ZION," $8,001.00 "
UDR," $8,001.00 "
FFRHX," $32,501.00 "
FFHRX," $175,001.00 "
FSTFX, $-   
IJH, $-   
IJR, $-   
IVE, $-   
VGT, $-   
VCSH, $-   
MALRX, $-   
BTZ," $8,001.00 "
DSU," $8,001.00 "
MADCX, $-   
MAYHX, $-   
MANLX, $-   
BGSIX, $-   
EVV," $8,001.00 "
DIV," $8,001.00 "
GSMTX," $8,001.00 "
HGIIX, $-   
TLT, $-   
IEF, $-   
ESGU, $-   
IDV," $8,001.00 "
USMV, $-   
VLUE, $-   
IHI, $-   
NTDOY," $65,002.00 "
PMUPX, $-   
RNSIX," $8,001.00 "
VTI," $8,001.00 "
PUTW," $8,001.00 "
XSOE, $-   
ACAD," $8,001.00 "
BAND," $8,001.00 "
INO," $8,001.00 "
SNX," $8,001.00 "
TGTX," $8,001.00 "
MNTA," $8,001.00 "
CMCAS," $16,002.00 "
BBNTX," $40,502.00 "
SCZ," $8,001.00 "
GISYX, $-   
ERH, $-   
SFY," $32,501.00 "
BJ, $-   
MFYV, $-   
BGG," $1,001.00 "
AOSL," $8,001.00 "
BL, $-   
EVGB, $-   
FIVN," $8,001.00 "
VIVO," $16,002.00 "
OSUR," $40,502.00 "
TDDC, $-   
RTNB," $1,001.00 "
BIP," $48,503.00 "
BEP," $16,002.00 "
TYL, $-   
EQUIX," $8,001.00 "
VFC.VI, $-   
BWA," $8,001.00 "
AXTA, $-   
CR, $-   
BAT-USD," $8,001.00 "
CELO-USD," $8,001.00 "
ETC-USD," $16,002.00 "
XLM-USD," $8,001.00 "
CO, $-   
KPLT," $8,001.00 "
EBAY," $40,502.00 "
OWSOX," $183,002.00 "
PASO," $24,003.00 "
HIPO, $-   
EGHT," $40,502.00 "
ANIK," $24,003.00 "
APEN, $-   
BRBR," $8,001.00 "
BLFSD, $-   
CSLT," $8,001.00 "
PCPL, $-   
PCPL.U, $-   
CELC," $8,001.00 "
CNF, $-   
DMTK, $-   
FLXN," $8,001.00 "
APPAD," $40,502.00 "
INST," $32,501.00 "
SMJ," $8,001.00 "
NVIGF, $-   
ONTO," $8,001.00 "
PROF, $-   
REG," $32,501.00 "
TRHC," $8,001.00 "
TLND, $-   
TFFP, $-   
VIOT, $-   
ZUO," $32,501.00 "
INVH," $32,004.00 "
NGG," $16,002.00 "
SKX," $32,004.00 "
SDOG," $8,001.00 "
ARKK," $16,002.00 "
QYLD," $8,001.00 "
VAC," $75,001.00 "
AQB, $-   
FFG," $8,001.00 "
ETV, $-   
FHLC, $-   
FQAL, $-   
FSEN, $-   
JEPI, $-   
INRE, $-   
FSD, $-   
MARA," $8,001.00 "
CHV, $-   
BDC," $16,002.00 "
PGNY, $-   
TBBC, $-   
AEE," $8,001.00 "
BNS," $8,001.00 "
BUI, $-   
EXI," $8,001.00 "
KYN," $8,001.00 "
IBTF, $-   
HAYN," $65,002.00 "
MTSC," $65,002.00 "
UNF," $75,001.00 "
UPLD, $-   
ETP, $-   
OWMBX, $-   
CTRL, $-   
CRTL, $-   
SUP, $-   
BOA, $-   
Broadcom Inc., $-   
MJNA," $8,001.00 "
ARNA, $-   
ACB, $-   
CRON, $-   
ORCC, $-   
QMCO, $-   
IWV," $32,501.00 "
EOS-USD, $-   
ETH-USD, $-   
VRM," $24,003.00 "
DAWC, $-   
ADA-USD," $8,001.00 "
MTSI," $8,001.00 "
BECN," $8,001.00 "
BTI," $16,002.00 "
HAL," $8,001.00 "
SPKE," $32,501.00 "
TTD," $16,002.00 "
DMRC," $8,001.00 "
ZOOM," $16,002.00 "
TIF," $8,001.00 "
MZOR," $32,501.00 "
TYG," $8,001.00 "
VAW," $16,002.00 "
BOH, $-   
BP PLC, $-   
LPRO, $-   
IVW," $40,502.00 "
STXAX," $8,001.00 "
VUL.V, $-   
GOOC.VI," $8,001.00 "
NULV," $8,001.00 "
CFJIX," $8,001.00 "
BRHYX," $8,001.00 "
IWF," $8,001.00 "
BBTBX, $-   
VEU, $-   
IWR," $8,001.00 "
GSOSX, $-   
BBCBX, $-   
SPDR," $32,501.00 "
SMHLX," $8,001.00 "
JQC," $8,001.00 "
CFJAX," $8,001.00 "
BSIIX, $-   
JSOAX, $-   
TSBRX, $-   
BHPLF, $-   
NLG, $-   
HYDB, $-   
JNK, $-   
RY.TO, $-   
CSCCX, $-   
CELG," $8,001.00 "
CHUY," $16,002.00 "
TCOM," $48,503.00 "
WCG, $-   
KRNT, $-   
PRSP, $-   
BNDX, $-   
TRREX," $32,501.00 "
DFREX, $-   
ALNY," $8,001.00 "
SNOW," $8,001.00 "
FISI," $8,001.00 "
PONPX, $-   
PARMX, $-   
GRNC," $32,501.00 "
DWAC, $-   
BCE," $8,001.00 "
PGX, $-   
MDNDF, $-   
ODFL, $-   
AMKBY, $-   
ELUXY, $-   
AAVMY, $-   
AHEXY, $-   
AGESY, $-   
ALPMY, $-   
ATASY, $-   
ANZBY, $-   
AVVIY, $-   
BCS, $-   
BHKLY, $-   
BNTGY, $-   
BTLCY, $-   
BURBY, $-   
CAJ," $8,001.00 "
CRRFY, $-   
CCLAY, $-   
CRZBY, $-   
CMWAY, $-   
COVTY, $-   
DWAHY, $-   
DNKEY, $-   
DNZOY, $-   
DB, $-   
DTCWY, $-   
DSDVY, $-   
ENGGY, $-   
GEAGY, $-   
HLUYY, $-   
HVRRY, $-   
HDELY, $-   
HNNMY, $-   
HXGBY, $-   
HMC, $-   
IBDRY, $-   
IMBBY," $8,001.00 "
ING," $8,001.00 "
IHG, $-   
JSAIY, $-   
JHX, $-   
JAPSY," $8,001.00 "
JAPAY, $-   
JBAXY, $-   
PPRUY, $-   
KGFHY, $-   
KNRRY, $-   
VOPKY, $-   
LYG," $8,001.00 "
LNSTY, $-   
MZDAY, $-   
MDIBY, $-   
MFGP," $8,001.00 "
MITEY, $-   
MFG," $32,501.00 "
NTOIY, $-   
NINOY," $32,501.00 "
NSANY, $-   
NNGRY, $-   
NOK, $-   
NRDBY, $-   
DNNGY, $-   
PDYPY, $-   
PCRFY, $-   
PANDY, $-   
PSO, $-   
PROSY, $-   
PUBGY, $-   
RDEIY, $-   
RNLSY, $-   
REPYY," $32,501.00 "
RBS, $-   
KKPNY, $-   
RWEOY, $-   
SNY, $-   
SVNDY, $-   
SMNNY, $-   
SMMNY, $-   
SXYAY, $-   
SCGLY, $-   
SZEVY, $-   
SWGAY, $-   
SWDBY, $-   
SWMAY, $-   
SWRAY," $32,501.00 "
TIIAY, $-   
TEF," $8,001.00 "
TLSNY, $-   
TEZNY, $-   
TSCDY, $-   
WFAFY, $-   
WCAGY, $-   
MRWSY," $32,501.00 "
TDXX, $-   
IXJ, $-   
IYZ, $-   
HTZWW," $8,001.00 "
SNP," $8,001.00 "
ENGIY," $16,002.00 "
SGAPY, $-   
EFV, $-   
INFR," $32,501.00 "
ISD, $-   
VV, $-   
PK," $8,001.00 "
LEN.B," $16,002.00 "
TEVA," $8,001.00 "
PSMMY, $-   
ARNC," $8,001.00 "
AVNS," $8,001.00 "
LEG," $8,001.00 "
VWDRY, $-   
DDD," $8,001.00 "
PSTH, $-   
SKYY, $-   
NBL, $-   
DBX," $8,001.00 "
EWBC," $32,501.00 "
MSB," $8,001.00 "
FINX, $-   
LPT," $8,001.00 "
JPM$G," $16,002.00 "
FBALX, $-   
FDRXX," $83,002.00 "
MRIN, $-   
LL, $-   
HNST," $32,501.00 "
EHSTX," $375,001.00 "
NVLIX," $375,001.00 "
ITOT, $-   
IBKR," $175,001.00 "
MORN," $175,001.00 "
DUSA," $32,501.00 "
FSKAX, $-   
FEPAX, $-   
SPN, $-   
TFDXX," $40,502.00 "
BRKB, $-   
IPWR, $-   
CIG," $8,001.00 "
EQNR," $40,502.00 "
JGCCF," $8,001.00 "
MJDLF," $8,001.00 "
MLYNF," $8,001.00 "
NCMGF," $8,001.00 "
OGFGF," $8,001.00 "
PDS," $8,001.00 "
VIV," $8,001.00 "
TSCDF," $8,001.00 "
TKC," $8,001.00 "
WOLWF," $8,001.00 "
AUY," $8,001.00 "
MTD," $8,001.00 "
TRP," $8,001.00 "
ACCYY," $32,501.00 "
ACSAY, $-   
AER," $32,501.00 "
AHKSY, $-   
SAN," $32,501.00 "
BASFY, $-   
BGNE, $-   
CUK," $8,001.00 "
CRARY, $-   
DLAKY," $8,001.00 "
EJPRY," $32,501.00 "
E," $8,001.00 "
EVVTY, $-   
FINMY," $8,001.00 "
GLPEY, $-   
HLPPY, $-   
HSNGY," $8,001.00 "
HLDCY," $32,501.00 "
HTHIY, $-   
ICL," $32,501.00 "
IPXHY," $8,001.00 "
ISNPY," $8,001.00 "
ISUZY," $8,001.00 "
KPELY," $8,001.00 "
MLCO, $-   
MUFG," $32,501.00 "
MITSY, $-   
NABZY," $75,001.00 "
NTXFY," $32,501.00 "
NWG, $-   
NTTYY, $-   
OMVKY, $-   
IX, $-   
POAHY, $-   
PUK," $32,501.00 "
RYCEY," $8,001.00 "
SKFRY, $-   
SDXAY," $32,501.00 "
FUJHY," $32,501.00 "
SOMMY," $32,501.00 "
SSUMY, $-   
SMFG," $32,501.00 "
SUHJY," $8,001.00 "
SSREY," $32,501.00 "
TLSYY, $-   
TRYIY," $32,501.00 "
VONOY, $-   
WJRYY," $32,501.00 "
WIX, $-   
WOPEY," $8,001.00 "
WPP," $32,501.00 "
MYE," $32,501.00 "
GWPH, $-   
STWD," $8,001.00 "
FBGRX, $-   
FCNTX, $-   
FTQGX, $-   
FLVEX, $-   
FBMPX, $-   
FSCPX, $-   
FIDSX, $-   
FSPHX," $8,001.00 "
FCYIX, $-   
FSPTX, $-   
ECOL," $8,001.00 "
ARCB, $-   
FDIS, $-   
FTEC, $-   
FBND," $75,001.00 "
DENN," $8,001.00 "
AVNT, $-   
MINI, $-   
NWE, $-   
RXN," $16,002.00 "
CSVIX, $-   
FSP," $75,001.00 "
ASGN, $-   
DISCK, $-   
JWN," $8,001.00 "
HCN," $8,001.00 "
BREW," $8,001.00 "
ABALX, $-   
MSM, $-   
CE, $-   
CWGIX," $8,001.00 "
AIVSX," $8,001.00 "
ANWPX," $8,001.00 "
NEWFX," $8,001.00 "
VMCXX, $-   
AESE, $-   
HNDL, $-   
CBS," $8,001.00 "
MYL," $8,001.00 "
NLSN," $8,001.00 "
VIAB," $8,001.00 "
JETS, $-   
AFTPY, $-   
LOGI, $-   
DCMYY," $32,501.00 "
MNP," $8,001.00 "
BXMDX," $8,001.00 "
VUG," $8,001.00 "
JEMWX, $-   
TGOPY, $-   
VOLVY, $-   
AMCR," $8,001.00 "
EVRG, $-   
MGDDY," $8,001.00 "
PWCDF, $-   
DNBBY, $-   
TRI," $8,001.00 "
UGI, $-   
XYIGY, $-   
OWCIX, $-   
JFAMX, $-   
AAN," $16,002.00 "